"Mã sản phẩm","Tên sản phẩm","Biến thể","Kho hiện tại","Kiểm kho"
06008A7AK0,"Máy phun xịt rửa cao áp Universal AQT125",,2.0000,
06008A7EK0,"Máy phun xịt rửa áp lực cao Easy AQT 100",,1.0000,
06008A7EK1,"Máy phun xịt rửa áp lực caoEasyAQT 100LL",,1.0000,
06008A7FK0,"Máy phun xịt rửa áp lực cao Easy AQT 110",,2.0000,
0601063N81,"Máy cân mực laze GLL 5-50X AP KIT",,2.0000,
0601063V80,"Máy cân mực laze GLL 30 G",,1.0000,
06010725K0,"Máy đo khoảng cách laze GLM 30 Mới",,1.0000,
06010729K0,"Máy đo khoảng cách laze GLM 40",,1.0000,
0601081000,"Máy dò đa năng GMS 120",,2.0000,
0601096B00,"Giá ba chân (BT 150)",,1.0000,
06011A15K2,"GSB 550 (bộ set valy 80 món phụ kiện ngành điện)",,2.0000,
06011A15K7,"Máy khoan động lực BOSCH GSB 550 SET",,3.0000,
06011A21K1,"Máy khoan động lực BOSCH GSB 20-2 RE",,1.0000,
06011A45K0,"Máy khoan điện cầm tay BOSCH GBM 320",,17.0000,
06011A95K0,"Máy khoan điện cầm tay GBM 350",,1.0000,
06012161K1,"Máy khoan động lực GSB 10 RE",,1.0000,
06012241K0,"Máy mài thẳng BOSCH GGS 5000L",,1.0000,
06012271K0,"Máy khoan động lực BOSCH GSB 13 RE",,6.0000,
06012281K1,"Máy khoan động lực GSB 16RE cải tiến",,6.0000,
06012980K0,"Máy chà nhám rung cầm tay BOSCH GSS 2300",,5.0000,
06012A61K0,"Máy thổi nhiệt, máy thổi hơi nóng BOSCH GHG 18-60",,1.0000,
06012A62K0,"Máy thổi hơi nóng GHG 20-63",,1.0000,
06012A70K0,"Máy cưa lọng cầm tay BOSCH GST 700",,1.0000,
06012A80K0,"Máy chà nhám vuông mini BOSCH GSS 140",,3.0000,
060137508M,"Máy mài công tắc đuôi BOSCH GWS 6-100 S",,2.0000,
06013880K2,"Máy mài góc cầm tay BOSCH GWS 7-125",,1.0000,
06013885K0,"Máy mài góc cầm tay BOSCH GWS 7-100 ET",,3.0000,
06013886K0,"Máy mài góc GWS 7-100 T",,2.0000,
06013890K0,"Máy đánh bóng xe hơi BOSCH GPO 12 CE",,1.0000,
06013960K0,"Máy mài góc nhỏ cầm tay BOSCH GWS 900-100",,1.0000,
06013960K7,"Máy mài góc mini BOSCH GWS 9-125",,1.0000,
06013961K0,"Máy mài góc mini BOSCH GWS 900-100S",,3.0000,
06013961K2,"Máy mài góc nhỏ GWS 900-125S",,2.0000,
06013965K0,"Máy mài góc BOSCH GWS 9-100 P",,1.0000,
06013A00K0,"Máy cắt gạch GDC 140",,1.0000,
06013A20K0,"Máy đánh bóng xe hơi BOSCH GPO 950",,2.0000,
06013A40K0,"Máy cắt gạch Bosch GDC 140",,5.0000,
06014725K0,"Máy khoan điện cầm tay BOSCH GBM 6 RE",,3.0000,
06014735K0,"Máy khoan điện cầm tay BOSCH GBM 10 RE",,5.0000,
06014775K0,"Máy khoan điện cầm tay BOSCH GBM 13 RE",,3.0000,
06015960K0,"Máy bào gỗ BOSCH GHO 6500",,3.0000,
06015A20K1,"Máy cưa đĩa GKS 235 (tốc độ cao) + PK",,1.0000,
06016230K0,"Máy cưa đĩa GKS 190",,1.0000,
060164L9L2,"Máy cưa kiếm dùng pin 12V BOSCH GSA 12V-LI (không kèm pin và sạc)",,1.0000,
06016A00K0,"Máy phay gỗ mini BOSCH GKF 550",,1.0000,
06016A10L2,"Máy cưa đĩa dùng pin BOSCH 12V GKS 12 V-LI (không kèm pin và sạc)",,1.0000,
06016B30K1,"Máy cưa đĩa cầm tay BOSCH GKS 140",,3.0000,
06016B70K1,"Máy phay gỗ GOF130 Bosch",,1.0000,
060179E002,"Máy mài góc cầm tay BOSCH GWS 13-125 CI",,1.0000,
0601849104,"Máy mài góc cầm tay BOSCH GWS 20-180",,2.0000,
06018B70K0,"Máy mài góc lớn GWS 2000-180",,1.0000,
0601926105,"Máy cắt kim loại dùng pin 12V BOSCH GSC 12V-13 (không kèm pin và sạc)",,1.0000,
06019804K1,"Máy thổi bụi GBL BOSCH 82-270 E",,2.0000,
06019805K0,"Máy thổi bụi BOSCH GBL 620",,1.0000,
06019C62L0,"Máy hút bụi dùng pin GAS 18V-1 (không kèm pin và sạc)",,1.0000,
06019D8281,"Máy siết ốc dùng pin BOSCH GDS 18V-EC 300 ABR (không kèm pin và sạc)",,2.0000,
06019E51K0,"Máy hút bụi GAS 15 PS",,1.0000,
06019F0000,"Máy vặn vít động lực BOSCH GDR 120-Li (không kèm pin và sạc)",,2.0000,
06019F00K6,"Máy vặn vít động lực BOSCH GDR 120-Li (Kit)",,2.0000,
06019F81K1,"Máy khoan vặn vít dùng pin BOSCH GSR 180-LI+PK",,1.0000,
06019F83K2,"Máy khoan vặn vít dùng pin GSB 180-LI Promo",,1.0000,
06019G80K0,"Máy khoan vặn vít dùng pin BOSCH GSR 120-LI",,1.0000,
06019G81K0,"Máy khoan động lực dùng pin BOSCH GSB 120 Li",,1.0000,
06019G90K0,"Máy vặn vít dùng pin cầm tay BOSCH GSR 12V-30",,2.0000,
06019G91K0,"Máy khoan động lực dùng pin BOSCH GSB 12V-30",,1.0000,
06019H2181,"Máy vặn vít dùng pin Bosch GO Gen 2 (32 chi tiết)",,1.0000,
06019H21L1,"Máy vặn vít mini Bosch GO Gen 2 (2 mũi vít)",,5.0000,
06019H90K0,"Máy mài góc dùng pin BOSCH GWS 180-LI (không kèm pin và sạc)",,1.0000,
06019J40K0,"Máy mài góc dùng pin GWS 18V-10 SOLO",,3.0000,
06019J40K1,"Máy mài góc dùng pin BOSCH GWS 18V-10 KIT",,1.0000,
0601B28000,"Máy cắt kim loại (GCD 12 JL)",,1.0000,
0601B373K0,"Máy cắt sắt GCO 220",,1.0000,
0611251604,"Máy khoan bê tông, máy khoan búa BOSCH GBH 2-26 E",,2.0000,
0611251704,"Máy khoan búa, máy khoan bê tông GBH 2-26 RE",,1.0000,
0611253604,"Máy khoan búa BOSCH GBH 2-26 DE",,3.0000,
0611253704,"Máy khoan búa BOSCH GBH 2-26 DRE",,1.0000,
06112651K0,"Máy khoan búa GBH 8-45D",,1.0000,
06112672K1,"Máy khoan búa GBH 2-28 DFV",,1.0000,
06112720K0,"Máy khoan bê tông, máy khoan búa BOSCH GBH 2-24 RE",,1.0000,
06112721K0,"Máy khoan búa cầm tay BOSCH GBH 2-24 DRE",,1.0000,
06112730K0,"Máy khoan 3 chức năng BOSCH GBH 2-24 DFR",,1.0000,
06113386K0,"Máy đục bê tông BOSCH GSH 500",,1.0000,
06119111K0,"Máy khoan búa dùng pin BOSCH GBH 180-LI (không kèm pin và sạc)",,1.0000,
06119111K1,"Máy khoan búa dùng pin BOSCH GBH 180-LI BL (kèm pin và sạc)",,1.0000,
1000-199140-0,"Thanh Ray Dẫn Hướng Makita 199140-0 Chiều Dài 1000",,1.0000,
123443-0,"Cụm nhông/DHP482 - 123443-0",,1.0000,
123591-5,"Vỏ motor MT90 - 123591-5",,1.0000,
123847-6,"NẮP HỘP NHÔNG/MT964 - 123847-6",,2.0000,
123911-3,"CỤM NHÔNG/DF001D - 123911-3",,1.0000,
125485-0,"Cụm nhông - 125485-0",,2.0000,
127125-6,"CỤM NHÔNG/DDF333 - 127125-6",,1.0000,
127499-5,"BỘ HỘP NHÔNG/DHP484 - 127499-5",,1.0000,
127745-6,"CỤM NHÔNG/HP333D - 127745-6",,1.0000,
140441-9,"Đế cao su BO3710-1 Makita",,6.0000,
141025-6,"Vỏ chứa nhông - 141025-6",,2.0000,
142142-5,"VỎ MÁY/4100NH3 - 142142-5",,2.0000,
158393-0,"Cữ giữ lưỡi 4326 - 158393-0",,3.0000,
1600A001CG,"Pin 18V 2.0Ah LI-ION BOSCH",,1.0000,
1600A00B8G,"Bộ sạc pin GAL 1880 CV",,2.0000,
1600A00D6H,"Phễu chụp bụi máy khoan",,1.0000,
1600A00F6U,"Pin 12V 1.5Ah LI-ION BOSCH",,2.0000,
1600A00F6X,"Pin 12V 2.0Ah LI-ION BOSCH",,2.0000,
1600A012UV,"Pin 18V 3.0Ah LI-ION BOSCH",,1.0000,
1600A019RJ,"Sạc nhanh GAL 18V-40 (14.4V - 18V)",,2.0000,
1600A01B8X,"Sạc Pin GAL 12V-40 (10.8V – 12V)",,2.0000,
1600A01M9V,"Đầu nối hút bụi máy khoan GDE 24",,2.0000,
1607014145,"Bộ chổi than Bosch",,9.0000,
1608571048,"Đầu khoan có khóa 13mm Bosch 1608571048",,3.0000,
162279-2,"Cần gạt BO3710/BO3711 - 162279-2",,4.0000,
188342-3,"Vỏ 4327 - 188342-3",,1.0000,
194368-5,"THANH RAY TRƯỢT 1400MM MAKITA 194368-5",,1.0000,
195004-6,"Chổi than CB-350 - 195004-6",,5.0000,
195026-6,"Chổi than Makita CB-459 - 195026-6",,10.0000,
195584-2,"Sạc nhanh DC18RC - 195584-2",,2.0000,
197128-4,"Chổi than CB218- 197128-4",,5.0000,
197265-4,"Pin BL1840B (li-on,18V,4.0AH) 197265-4",,1.0000,
197393-5,"Pin BL1016 (LI-ION, 12V MAX, 1.5AH)- 197393-5",,9.0000,
197422-4,"Pin BL 1860B (Lion 18V,6.0AH) 197422-4",,2.0000,
210033-9,"Bạc đạn 696/2107F - 210033-9",,10.0000,
210044-4,"Bạc đạn 608DDW/GA5010 - 210044-4",,10.0000,
210045-2,"BẠC ĐẠN 627/GD0801C - 210045-2",,10.0000,
210102-6,"Vòng bi - 210102-6",,10.0000,
210156-3,"BẠC ĐẠN 6202ZZ/MT243 - 210156-3",,10.0000,
210206-4,"BẠC ĐẠN 606/4100NH3 - 210206-4",,9.0000,
211129-9,"Bạc đạn bi 6201DDW- 211129-9",,10.0000,
211214-8,"Vòng bi - 211214-8",,5.0000,
211247-3,"Bạc đạn 6002/DJR186 - 211247-3",,10.0000,
211285-5,"Bạc đạn cốt nhông GS7020 - 211285-5",,10.0000,
211326-7,"Bạc đạn đầu 3612/3612BR/3612C - 211326-7",,10.0000,
211477-6,"Bạc đan 6201/MT111 - 211477-6",,10.0000,
211487-3,"BẠC ĐẠN 6202DDW/M6201B - 211487-3",,10.0000,
213038-8,"Vòng đệm Makita - 213038-8",,4.0000,
213315-8,"Vòng đệm - 213315-8",,3.0000,
213656-2,"Séc măng - 213656-2",,3.0000,
213960-9,"Vòng phe số 5 9556HN - 213960-9",,5.0000,
213983-7,"Vòng đệm cao su/BO3710 - 213983-7",,40.0000,
216001-0,"Chốt bi MT814 - 216001-0",,3.0000,
216019-1,"Bi thép 3-216019-1",,4.0000,
216038-7,"Bi nhỏ 5mm - 216038-7",,2.0000,
221475-2,"Nhông nhỏ MT966 - 221475-2",,2.0000,
221476-0,"Nhông lớn MT966 - 221476-0",,2.0000,
224314-5,"Mặt bích trong - 224314-5",,10.0000,
224559-5,"Mặt bích ngoài 9553B- 224559-5",,10.0000,
226589-2,"Nhông MT813/MT814/HP1630 - 226589-2",,2.0000,
227471-8,"Nhông nhỏ 9553B/9553NB - 227471-8",,5.0000,
227506-5,"Nhông lớn 9553B/9553NB - 227506-5",,5.0000,
227541-3,"Nhông nhỏ 9556HN/9558HN - 227541-3",,3.0000,
227542-1,"Nhông lớn 9556HN/9558HN - 227542-1",,3.0000,
227545-5,"Nhông nhỏ GA4030/GA4031 - 227545-5",,5.0000,
227546-3,"Nhông lớn GA4030 - 227546-3",,5.0000,
227578-0,"Nhông lớn MT90/MT91A - 227578-0",,3.0000,
227579-8,"Nhông nhỏ MT90/MT91A - 227579-8",,3.0000,
227742-3,"Nhông lớn 35/mt60- 227742-3",,2.0000,
227761-9,"Nhông MT817 - 227761-9",,2.0000,
227764-3,"Nhông lớn MT80A/MT80B - 227764-3",,2.0000,
227767-7,"Nhông lớn 4100NH3/MT413 Makita - 227767-7",,2.0000,
227806-3,"Nhông lớn 37/Hp1630 (227806-3)",,3.0000,
231965-7,"Lò xo TD0101 Makita - 231965-7",,2.0000,
233005-7,"Lò xo nén 41 - 233005-7",,2.0000,
233376-2,"Lò xo 9553B- 233376-2",,5.0000,
234057-1,"Lò xo GA4030 - 234057-1",,2.0000,
254011-9,"Chốt lavet 9553B-254011-9",,5.0000,
256251-5,"Chốt lò xo MT814 - 256251-5",,3.0000,
256486-8,"Chốt gài 9553B- 256486-8",,5.0000,
256510-7,"Chốt ngang GA4030 - 256510-7",,2.0000,
2600100187,"Vòng đệm lưỡi cưa gỗ 100mm (2608644190)",,40.0000,
2607017164,"Mũi vít BOSCH bộ 43 chi tiết",,2.0000,
2607017322,"Bộ vặn vít 26 món Bosch 2607017322",,19.0000,
2607019510,"Bộ mũi vặn vít cầm tay 10 món Bosch 2607019510",,10.0000,
2608521042,"Mũi vặn vít ngắn BOSCH (PH2-65mm, chỉ 1 mũi)",,68.0000,
2608521043,"Mũi vặn vít dài BOSCH PH2-110mm (chỉ 1 mũi)",,53.0000,
2608522413,"Bộ vặn vít extrahard 25mm đầu PH,PZ Bosch 2608522413",,5.0000,
2608522414,"Bộ vặn vít extrahard 25mm đầu SL,Hex Bosch 2608522414",,5.0000,
2608522415,"Bộ vặn vít extrahard 25mm đầu Torx Bosch 2608522415",,5.0000,
2608522416,"Bộ vặn vít extrahard 25mm đầu Torx Bosch 2608522416",,5.0000,
2608522417,"Bộ vặn vít extrahard 65mm (8món) Bosch 2608522417",,5.0000,
2608571078,"Đầu khoan có khóa 10mm",,5.0000,
2608571079,"Đầu khoan có khóa 13mm Bosch 2608571079",,5.0000,
2608572253,"Đầu khoan có khóa 13mm cho khoan búa 2kg",,1.0000,
2608577349,"Mũi khoan HSS PointTeQ BOSCH 13 mũi 1.5-6.5",,4.0000,
2608578007,"Mũi khoan SDS Max-2 16x340mm",,1.0000,
2608578010,"Mũi khoan SDS Max-2 18x340mm",,1.0000,
2608578013,"Mũi khoan SDS Max-2 18x540mm",,1.0000,
2608578014,"Mũi khoan SDS Max-2 20x340mm",,1.0000,
2608578018,"Mũi khoan SDS Max-2 22x340mm",,1.0000,
2608578021,"Mũi khoan SDS Max-2 22x540mm",,1.0000,
2608578116,"Mũi khoan tường Concrete 5x50x85",,11.0000,
2608578118,"Mũi khoan tường Concrete 6x60x100",,5.0000,
2608578120,"Mũi khoan tường Concrete 8x80x120",,10.0000,
2608578121,"Mũi khoan tường Concrete 10x80x120",,4.0000,
2608578122,"Mũi khoan tường Concrete 12x90x150",,2.0000,
2608585874,"Mũi khoan INOX HSS-Co 2mm (hộp 10 mũi)",,1.0000,
2608585876,"Mũi khoan INOX HSS-Co 3mm (hộp 10 mũi)",,1.0000,
2608585879,"Mũi khoan INOX HSS-Co 3.5mm (hộp 10 mũi)",,5.0000,
2608585880,"Mũi khoan INOX HSS-Co 4mm (hộp 10 mũi)",,2.0000,
2608585883,"Mũi khoan INOX HSS-Co 4.5mm (hộp 10 mũi)",,1.0000,
2608585885,"Mũi khoan INOX HSS-Co 5mm (hộp 10 mũi)",,2.0000,
2608585889,"Mũi khoan INOX HSS-Co 6mm (hộp 10 mũi)",,2.0000,
2608585892,"Mũi khoan INOX HSS-Co 7mm (hộp 10 mũi)",,2.0000,
2608585894,"Mũi khoan INOX HSS-Co 8mm (hộp 5 mũi)",,2.0000,
2608585898,"Mũi khoan INOX HSS-Co 10mm (hộp 5 mũi)",,2.0000,
2608595051,"Mũi khoan sắt HSS-G 2mm (hộp 10 mũi)",,1.0000,
2608595055,"Mũi khoan sắt HSS-G 3mm (hộp 10 mũi)",,2.0000,
2608595061,"Mũi khoan sắt HSS-G 4.5mm (hộp 10 mũi)",,1.0000,
2608595062,"Mũi khoan sắt HSS-G 5mm (hộp 10 mũi)",,2.0000,
2608595066,"Mũi khoan sắt HSS-G 6mm (hộp 10 mũi)",,1.0000,
2608595068,"Mũi khoan sắt HSS-G 6.5mm (hộp 10 mũi)",,2.0000,
2608595070,"Mũi khoan sắt HSS-G 7mm (hộp 10 mũi)",,2.0000,
2608595072,"Mũi khoan sắt HSS-G 8.0mm (hộp 5 mũi)",,1.0000,
2608595073,"Mũi khoan sắt HSS-G 8.5mm (hộp 5 mũi)",,1.0000,
2608595075,"Mũi khoan sắt HSS-G 9.0mm (hộp 5 mũi)",,1.0000,
2608595076,"Mũi khoan sắt HSS-G 9.5mm (hộp 5 mũi)",,1.0000,
2608595077,"Mũi khoan sắt HSS-G 10.0mm (hộp 5 mũi)",,1.0000,
2608595078,"Mũi khoan sắt HSS-G 10.5mm (hộp 5 mũi)",,3.0000,
2608595079,"Mũi khoan sắt HSS-G 11.0mm (hộp 5 mũi)",,1.0000,
2608595081,"Mũi khoan sắt HSS-G 12.0mm (hộp 5 mũi)",,1.0000,
2608595083,"Mũi khoan sắt HSS-G 13.0mm (hộp 5 mũi)",,1.0000,
2608600017,"Đá mài 100x6x16mm (sắt)",,1.0000,
2608600263,"Đá mài 125x6x22.2mm (sắt)",,16.0000,
2608600264,"Đá mài BOSCH 180 x 6.6 x 22.23mm",,19.0000,
2608600266,"Đá cắt sắt BOSCH 100x1.2x16mm",,34.0000,
2608600267,"Đá cắt 100x2x16mm (sắt)",,15.0000,
2608600272,"Đá cắt BOSCH 180 x 3.3 x 22.23mm",,22.0000,
2608600855,"Đá mài sắt BOSCH 150x6.0x22.2mm",,24.0000,
2608602751,"Đá cắt 14INCH 355MM BOSCH - D-62088-5",,13.0000,
2608603329,"Đĩa cắt kim cương 125x22.2mm đa năng",,5.0000,
2608603330,"Đĩa cắt kim cương 150x22.2mm đa năng",,6.0000,
2608603412,"Đá cắt sắt BOSCH 105x1.2x16mm",,25.0000,
2608603613,"Đĩa cắt kim cương BOSCH Turbo 105x16mm đa năng",,5.0000,
2608603615,"Đá cắt kim cương Turbo 105x16mm ceramic",,4.0000,
2608607414,"Đá cắt inox BOSCH 105x1.0x16mm",,11.0000,
2608620690,"Đá mài linh hoạt 100x2x16mm (lnox)",,7.0000,
2608630033,"Lưỡi cưa lọng T 111 C - Gỗ (bộ 5 lưỡi)",,4.0000,
2608630040,"Lưỡi cưa lọng BOSCH T 144 D - Gỗ (bộ 5 lưỡi)",,5.0000,
2608630058,"Lưỡi cưa lọng T 244 D - Gỗ (bộ 5 lưỡi)",,1.0000,
2608631013,"Lưỡi cưa lọng T 118 A - Sắt (bộ 5 lưỡi)",,4.0000,
2608636705,"Lưỡi cưa lọng BOSCH T 321 AF - Sắt (bộ 5 lưỡi)",,2.0000,
2608642199,"Lưỡi cắt nhôm đa năng 254x25.4/16mm T120",,4.0000,
2608642983,"Lưỡi cưa gỗ 184x25.4mm T30",,5.0000,
2608642984,"Lưỡi cưa gỗ 184x25.4mm T40",,1.0000,
2608642985,"Lưỡi cưa gỗ 184x25.5mm T60",,8.0000,
2608642999,"Lưỡi cưa gỗ 235x30mm T40",,2.0000,
2608643000,"Lưỡi cưa gỗ 235x30mm T60",,3.0000,
2608643001,"Lưỡi cưa gỗ 254x25.4mm T40",,2.0000,
2608643002,"Lưỡi cưa gỗ 254x25.4mm T60",,5.0000,
2608643021,"Lưỡi cưa gỗ 305x25.4mm T40",,1.0000,
2608643025,"Lưỡi cưa gỗ 305x30mm T60 Bosch 2608643025",,5.0000,
2608643026,"Lưỡi cưa gỗ 305x30mmT80 Bosch 2608643026",,2.0000,
2608643027,"Lưỡi cưa gỗ 305x30mmT100 Bosch 2608643027",,2.0000,
2608643060,"Lưỡi cưa thép 305mm Bosch",,1.0000,
2608643066,"Lưỡi cưa đa năng 110x20/16x1.0mm",,10.0000,
2608644305,"Lưỡi cưa gỗ Mới 230x30mm T40",,2.0000,
2608644306,"Lưỡi cưa gỗ Mới 230x30mm T60",,1.0000,
2608644308,"Lưỡi cưa gỗ Mới 250x25.4mm T40",,9.0000,
2608644309,"Lưỡi cưa gỗ Mới 250x25.4mm T60",,2.0000,
2608644314,"Lưỡi cưa nhôm Mới 250x25.4mm T120 ALU",,2.0000,
2608644315,"Lưỡi cưa gỗ Mới 110x20mm T30",,8.0000,
2608644316,"Lưỡi cưa gỗ BOSCH 110x20mm T40",,3.0000,
2608644317,"Lưỡi cưa gỗ Mới 180x25.4mm T40",,4.0000,
2608644318,"Lưỡi cưa gỗ Mới 180x25.4mm T60",,5.0000,
2608644319,"Lưỡi cưa gỗ Mới 110x20mm T40 đa năng",,3.0000,
2608650678,"Lưỡi cưa kiếm S 1111 K-Gỗ (bộ 5 lưỡi)",,3.0000,
2608656014,"Lưỡi cưa kiếm S 922 BF-Sắt (bộ 5 lưỡi)",,2.0000,
2608656019,"Lưỡi cưa kiếm BOSCH S 1122 BF-Sắt (bộ 5 lưỡi)",,2.0000,
2608663751,"Lưỡi cưa lọng T 308 B -Gỗ (bộ 5 lưỡi)",,1.0000,
2608663868,"Lưỡi cưa lọng T 308 BOSCH -Gỗ (bộ 5 lưỡi)",,1.0000,
2608680262,"Mũi khoan SDS+ plus 1 (6x50/110mm)",,5.0000,
2608680263,"Mũi khoan SDS+ plus 1 (6x100/160mm)",,5.0000,
2608680264,"Mũi khoan SDS+ plus 1 (6x150/210mm)",,1.0000,
2608680269,"Mũi khoan SDS+ plus 1 (8x50/110mm)",,5.0000,
2608680270,"Mũi khoan SDS+ plus 1 (8x100/160mm)",,20.0000,
2608680271,"Mũi khoan SDS+ plus 1 (8x150/210mm)",,1.0000,
2608680272,"Mũi khoan SDS+ plus 1 (8x200/260mm)",,2.0000,
2608680273,"Mũi khoan SDS+ plus 1 (10x100/160mm)",,1.0000,
2608680274,"Mũi khoan SDS+ plus 1 (10x150/210mm)",,9.0000,
2608680275,"Mũi khoan SDS+ plus 1 (10x200/260mm)",,1.0000,
2608680277,"Mũi khoan SDS+ plus 1 (12x100/160mm)",,3.0000,
2608680278,"Mũi khoan SDS+ plus 1 (12x150/210mm)",,4.0000,
2608680279,"Mũi khoan SDS+ plus 1 (12x200/260mm)",,2.0000,
2608680282,"Mũi khoan SDS+ plus 1 (14x150/210mm)",,2.0000,
2608680283,"Mũi khoan SDS+ plus 1 (14x200/260mm)",,1.0000,
2608680285,"Mũi khoan SDS+ plus 1 (16x150/210mm)",,1.0000,
2608680286,"Mũi khoan SDS+ plus 1 (16x250/310mm)",,2.0000,
2608680288,"Mũi khoan SDS+ plus 1 (18x200/260mm)",,1.0000,
2608685860,"Mũi khoan SDS-MAX 4 (16x200/340mm)",,1.0000,
2608685864,"Mũi khoan SDS-MAX 4 (20x200/320mm)",,1.0000,
2608833777,"Mũi khoan SDS PLUS-5X 6x50x110",,10.0000,
2608833778,"Mũi khoan SDS PLUS-5X 6x100x160",,6.0000,
2608833779,"Mũi khoan SDS PLUS-5X 6x150x210",,4.0000,
2608833788,"Mũi khoan SDS PLUS-5X 8x50x110",,12.0000,
2608833789,"Mũi khoan SDS PLUS-5X 8x100x160",,10.0000,
2608833790,"Mũi khoan SDS PLUS-5X 8x150x210",,2.0000,
2608833791,"Mũi khoan SDS PLUS-5X 8x200x260",,10.0000,
2608833797,"Mũi khoan SDS PLUS-5X 10x50x110",,4.0000,
2608833798,"Mũi khoan SDS PLUS-5X 10x100x160",,6.0000,
2608833799,"Mũi khoan SDS PLUS-5X 10x150x210",,5.0000,
2608833800,"Mũi khoan SDS PLUS-5X 10x200x260",,5.0000,
2608833801,"Mũi khoan SDS PLUS-5X 10x250x310",,1.0000,
2608833802,"Mũi khoan SDS PLUS-5X 10x300x360",,4.0000,
2608833807,"Mũi khoan SDS PLUS-5X 12x100x160",,5.0000,
2608833809,"Mũi khoan SDS PLUS-5X 12x200x260",,2.0000,
2608833811,"Mũi khoan SDS PLUS-5X 12x300x360",,5.0000,
2608833825,"Mũi khoan SDS PLUS-5X 16x150x210",,5.0000,
2608833826,"Mũi khoan SDS PLUS-5X 16x200x260",,20.0000,
2608833827,"Mũi khoan SDS PLUS-5X 16x250x310",,2.0000,
2608833829,"Mũi khoan SDS PLUS-5X 16x400x460",,1.0000,
263002-9,"Chốt ngang GA4030 - 263002-9",,2.0000,
265099-4,"Ốc - 265099-4",,10.0000,
266510-9,"Bu lông - 266510-9",,3.0000,
267353-2,"Đệm phẳng 9015B/9016B - 267353-2",,2.0000,
27104235,kem,,0.0000,
285840-9,"Nắp chặn MT410/MT580 - 285840-9",,2.0000,
313082-6,"Miếng đệm trượt/4326 - 313082-6",,2.0000,
317550-1,"Ổ chứa bạc đạn MT410 - 317550-1",,2.0000,
317819-3,"Nắp giữ bạc đạn 9553B- 317819-3",,3.0000,
318151-8,"Chân rung/BO3710- 318151-8",,20.0000,
318335-8,"Hộp nhông GA4030 - 318335-8",,2.0000,
318336-6,"Hộp bạc đạn Makita - 318336-6",,2.0000,
318484-1,"Đế BO3710 - 318484-1",,2.0000,
318695-8,"Nắp giữ bạc đạn MT90 - 318695-8",,2.0000,
319487-8,"ĐẦU HỘP NHÔNG/MT964 - 319487-8",,2.0000,
324488-3,"Trục nhông 9553B - 324488-3",,2.0000,
324956-6,"Cốt nhông GA4030 - 324956-6",,2.0000,
326828-1,"TRỤC MÁY/MT964 - 326828-1",,1.0000,
345464-4,"Vòng đệm- 345464-4",,2.0000,
346102-1,"Kẹp nhám BO3710 - 346102-1",,3.0000,
4100NH,"MÁY CẮT GẠCH/ĐÁ MAKITA 4100NH (110MM)",,1.0000,
4100NH3,"Máy cắt gạch Makita 4100NH3",,3.0000,
416476-5,"TẤM BẢO VỆ/4326 - 416476-5",,2.0000,
417771-6,"Nắp chốt 9553b- 417771-6",,5.0000,
418725-6,"Vỏ máy 9556HN-418725-6",,2.0000,
418728-0,"Thanh trượt công tắc 9558HN/GD0601/9556HN - 418728-0",,3.0000,
418794-7,"Vỏ máy 9553NB - 418794-7",,5.0000,
418796-3,"Thanh trượt công tắc 9553NB/6553B - 418796-3",,5.0000,
419091-4,"Vỏ máy 9553B - 419091-4",,5.0000,
419566-3,"Nút đẩy công tắc 9553NB - 419566-3",,5.0000,
419589-1,"Nắp chụp - 419589-1",,2.0000,
421868-5,"Vòng đệm cao su 9553b - 421868-5",,10.0000,
423307-1,"Miếng đệm - 423307-1",,2.0000,
423469-5,"Vòng đệm - 423469-5",,2.0000,
424056-3,"Vòng đệm - 424056-3",,20.0000,
424737-9,"GIẢM CHẤN/TD110D - 424737-9",,2.0000,
4326,"Máy cưa lọng Makita 4326",,1.0000,
4327,"Máy cưa lọng Makita 4327",,2.0000,
450619-9,"Vỏ chứa nhông HP1630 - 450619-9",,2.0000,
450795-9,"Vỏ chứa rotor GA4030 - 450795-9",,2.0000,
450797-5,"Công tắc chuyển chế độ - 450797-5",,3.0000,
451266-9,"Nắp giữ bạc đạn/BO4557 - 451266-9",,2.0000,
451267-7,"Cánh quạt BO3710 - 451267-7",,3.0000,
451380-1,"Vỏ máy - 451380-1",,2.0000,
451907-7,"Vỏ nhông - 451907-7",,2.0000,
452501-8,"Nút công tắc Makita - 452501-8",,3.0000,
452502-6,"Nắp chốt - 452502-6",,2.0000,
452503-4,"Nút công tắc - 452503-4",,3.0000,
454115-9,"Bộ vỏ nhông MT817/MT818 - 454115-9",,2.0000,
454233-3,"Vỏ MT91A - 454233-3",,1.0000,
456967-4,"NẮP CHẮN BẠC ĐẠN/DDF484 - 456967-4",,1.0000,
457128-9,"VỎ MÁY/MT964 - 457128-9",,1.0000,
457129-7,"THANH TRƯỢT CÔNG TẮC/MT964 - 457129-7",,3.0000,
513438-5,"Rotor HP1630 Makita - 513438-5",,3.0000,
513868-0,"Rotor 4100NH3 - 513868-0",,2.0000,
515613-9,"Rotor 9556HN - 515613-9",,5.0000,
515619-7,"Rotor 9553NB/9553B - 515619-7",,10.0000,
515783-4,"Rotor BO3710 - 515783-4",,2.0000,
515833-5,"Rotor MT60 - 515833-5",,3.0000,
515868-6,"Rotor MT817 - 515868-6",,2.0000,
515893-7,"Rotor MT80A/MT80B - 515893-7",,2.0000,
517648-6,"Rotor GA4030 - 517648-6",,5.0000,
5806B,"Máy cưa gỗ Makita 5806B",,2.0000,
593703-8,"Stator BO3710 - 593703-8",,2.0000,
593803-4,"Stator MT817 - 593803-4",,1.0000,
594613-2,"Stato/4100NH3 - 594613-2",,1.0000,
601083480,"Máy đo nhiệt độ BOSCH GIS 500",,2.0000,
619380-9,"Rô to /DDF482 - 619380-9",,1.0000,
620411-9,"BO MẠCH/4327 - 620411-9",,1.0000,
621708-9,"Stator 9556HN - 621708-9",,2.0000,
621818-2,"Stato MT964-621818-2",,1.0000,
626603-8,"Stator HP1630 - 626603-8",,1.0000,
628386-6,"STATO/EK6101 - 628386-6",,1.0000,
629395-8,"CỤM MOTOR/DDF333 - 629395-8",,1.0000,
629834-8,"Motor DDF453SHE - 629834-8",,2.0000,
632A24-0,"Công tắc DF453D - 632A24-0",,2.0000,
632F22-4,"Ổ CHỔI THAN/DDF482 - 632F22-4",,1.0000,
632J77-3,"Công tắc DTD110 632J77-3",,3.0000,
633658-6,"Stator 4327 - 633658-6",,1.0000,
633879-0,"STATO GA4031 - 633879-0",,1.0000,
633983-5,"Stato MT80A-633983-5",,2.0000,
633988-5,"Stato MT60-633988-5",,1.0000,
635113-4,"Stator GA4030 - 635113-4",,2.0000,
639382-9,"Stator MT90/MT91A - 639382-9",,2.0000,
6412,"Máy khoan Makita 6412",,3.0000,
6413,"Máy khoan Makita 6413",,2.0000,
643566-3,"Ổ chổi than Makita - 643566-3",,4.0000,
650239-1,"Công tắc - 650239-1",,3.0000,
650555-1,"Công tắc MT817 - 650555-1",,2.0000,
650586-0,"Công tắc HP1630 - 650586-0",,3.0000,
650621-4,"Công tắc 9553NB - 650621-4",,2.0000,
650695-5,"Công tắc HP1630 - 650695-5",,1.0000,
650753-7,"CÔNG TẮC MÁY THỔI/DDF482 - 650753-7",,1.0000,
651434-6,"Công tắc MT90/MT91A - 651434-6",,2.0000,
691015-4,"Dây điện - 691015-4",,9.0000,
691055-2,"Dây điện - 691055-2",,2.0000,
691284-7,"Dây điện 0.75 MT955 - 691284-7",,5.0000,
763161-4,"Đầu khoan MT811 - 763161-4",,2.0000,
763232-7,"Đầu khoan S13 - 763232-7",,2.0000,
763238-5,"ĐẦU KHOAN KHÔNG KHÓA 10/DF332D - 763238-5",,2.0000,
766004-9,"Đầu khoan DDF453- 766004-9",,2.0000,
766014-6,"Đầu khoan 10li Makita - 766014-6",,2.0000,
766022-7,"ĐẦU KHOAN S10/MT80A - 766022-7",,3.0000,
766023-5,"ĐẦU KHOAN S13/MT80B - 766023-5",,3.0000,
766027-7,"Đầu khoan/DHP482/ĐF482-766027-7",,2.0000,
832319-7,"Túi đựng dụng cụ Makita 832319-7",,15.0000,
911111-5,"Ốc - 911111-5",,20.0000,
912222-9,"Ốc - 912222-9",,5.0000,
9403,"Máy chà nhám băng Makita 9403",,1.0000,
9553B,"Máy mài Makita 9553B",,1.0000,
9553NB,"Máy mài Makita 9553NB",,4.0000,
9556HN,"Máy mài Makita 9556HN",,2.0000,
9558HN,"Máy mài Makita 9558HN",,3.0000,
A-84981,"Đá mài 1t5 Makita - A-84981",,149.0000,
B-17164,"Lưỡi cắt gỗ 2t3x24r Makita - B-17164",,8.0000,
B-55924,"Mũi khoan bê tông hợp kim sds plus 7x110 (B-55924)",,16.0000,
B-55952,"Mũi khoan bê tông hợp kim sds plus 8x210 (B-55952)",,23.0000,
B-55968,"Mũi khoan bê tông hợp kim sds plus 8x260 (B-55968)",,25.0000,
B-55996,"Mũi khoan bê tông hợp kim10x26-B-55996",,24.0000,
B-56007,"Mũi khoan bê tông hợp kim sds plus 10x310 (B-56007)",,17.0000,
B-56029,"Mũi khoan bê tông hợp kim sds plus 12x260 (B-56029)",,17.0000,
B-56079,"Mũi khoan bê tông tổng hợp K (B-56079)",,20.0000,
B-56085,"Mũi khoan bê tông tổng hợp K (B-56085)",,21.0000,
B-56091,"Mũi khoan bê tông hợp kim sds plus 14x350 (B-56091)",,25.0000,
B-56122,"Mũi khoan bê tông hợp kim sds plus 16x210(B-56122)",,16.0000,
B-56138,"Mũi khoan bê tông hợp kim sds plus 16x310 (B-56138)",,25.0000,
B-57130,"Thước kéo 3.5M B-57130",,9.0000,
B-57146,"Thước kéo 5.5M B-57146",,11.0000,
B-80329,"Chổi than Makita CB153A - B-80329",,10.0000,
B-80341,"Chổi than Makita CB203A - B-80341",,10.0000,
B-80357,"Chổi than Makita CB204A - B-80357",,5.0000,
B-80379,"Chổi than Makita CB303A - B-80379",,10.0000,
B-80422,"Chổi than Makita CB419A - B-80422",,8.0000,
BO3710,"Máy chà nhám Makita BO3710",,4.0000,
BO5041,"Máy chà nhám quỹ đạo Makita BO5041",,2.0000,
CG100DZB,"Súng bắn silicon dùng pin (12V Max) CG100DZB",,1.0000,
CLX224S,"Bộ sản phẩm (TD110D+DF333D)(12V MAX) - CLX224S",,6.0000,
CLX228S,"BỘ SẢN PHẨM (HP333D+TD110D)(12V MAX) - CLX228S",,8.0000,
D-00066,"Mũi gài 6x160 Makita - D-00066",,10.0000,
D-00131,"Mũi gài 8x160 Makita - D-00131",,9.0000,
D-08713,"Mũi đục nhọn 14x250 Makita - D-08713",,11.0000,
D-09341,"Đầu tỉa mép thẳng mũi khoan kép D-09341",,1.0000,
D-09385,"Mũi vát góc Makita D-09385",,1.0000,
D-09472,"Mũi cắt mép phẳng ổ bi D-09472",,1.0000,
D-09494,"Mũi khoan cạnh Makita D-09494",,1.0000,
D-09569,"Mũi khoan tròn Makita D-09569",,1.0000,
D-30106,"Hộp mũi khoan sắt, gỗ Makita (5 Mũi) - D-30106",,40.0000,
D-30477,"Bộ mũi khoan 5 mũi (5li,6li,8li,10li,12li) - D-30477",,9.0000,
D-33679,"Mũi vặn vít 2 đầu Makita - D-33679",,89.0000,
D-44258,"Lưỡi cắt ướt 1t Makita - D-44258",,8.0000,
D-44286,"Lưỡi cắt kim cương - D-44286",,1.0000,
D-62088-5,"Đá cắt 14INCH 355MM - D-62088-5",,15.0000,
D-65888,"Giây chà nhám Makita D-65888 (10 cái)",,10.0000,
D-65903,"Giấy chà nhám 8 lỗ D-65903 (10 cái)",,10.0000,
D25032K-B1,"Máy khoan búa D25032K-B1",,2.0000,
DCAA03YD54,"Máy cưa xích xăng DCA",,1.0000,
DCAA1013J,"Súng bắn đinh DCA A1013J",,1.0000,
DCAADJF15EK,"Máy cưa kiếm, máy cưa cầm tay dùng pin 12V DCA ADJF15EK",,1.0000,
DCAADJZ13L,"Máy khoan pin, máy khoan cầm tay DCA ADJZ13",,1.0000,
DCAADPB10E,"Máy siết bu lông, bắn bulong pin 12v DCA ADPB10",,1.0000,
DCAADPJ12AK,"Súng bắn silicon cầm tay dùng pin 12v DCA ADPJ12",,9.0000,
DCAAF30,"Súng bắn đinh DCA",,2.0000,
DCAAFF06-21,"Máy cân mực laser, 3 tia xanh DCA AFF06-21",,4.0000,
DCAAFF06-41,"Máy cân mực laser, 5 tia xanh DCA AFF06-41",,5.0000,
DCAAJG04-355,"Máy cắt sắt, dụng cụ cắt 2000W DCA AJG04-355",,3.0000,
DCAAJJ32,"Dụng cụ cắt tôn, máy cắt tole 620W DCA AJJ32",,1.0000,
DCAAJX03-255,"Máy cắt nhôm DCA",,2.0000,
DCAAJX06-255,"Máy cắt nhôm DCA 1650W",,1.0000,
DCAAJZ02-6A,"Máy khoan điện, máy khoan cầm tay 230w DCA AJZ02-6A",,4.0000,
DCAAJZ10A,"Máy khoan điện, máy khoan cầm tay 300W DCA AJZ10A",,2.0000,
DCAAJZ16A,"Máy khoan, máy khoan cầm tay 800W DCA AJZ16A",,2.0000,
DCAAMB82,"Máy bào cầm tay, dụng cụ điện 500w DCA AMB82",,1.0000,
DCAAMP03-6,"Máy Cắt Mép DCA",,2.0000,
DCAAMQ65,"Máy cưa gỗ cầm tay, cưa lọng cầm tay, máy cưa cầm tay DCA AMQ65",,2.0000,
DCAAP625,"Súng bắn đinh hơi DCA AP625",,2.0000,
DCAAPB20C,"Máy siết buloong DCA",,3.0000,
DCAAPB22C,"Máy vặn siết bu lông, bắn bulong 620W DCA APB22C",,1.0000,
DCAAQB2000,"Máy Thổi Nhiệt DCA",,1.0000,
DCAAQE02-1824,"Máy nén khí không dầu DCA 24L 1500W",,1.0000,
DCAAQE1608,"Máy nén khí không dầu 550W DCA AQE1608",,1.0000,
DCAAQE2524F,"Máy nén khí DCA 24L 1500W",,1.0000,
DCAAQU160,"Máy trộn sơn, khuấy sơn cầm tay 800W DCA AQU160",,1.0000,
DCAASB185,"Máy chà nhám, máy chà nhám rung DCA ASB185",,1.0000,
DCAASM02-125B,"Máy Mài Góc DCA",,3.0000,
DCAASM03-100A,"Máy mài góc, máy mài cầm tay 710w DCA ASM03-100A",,2.0000,
DCAASM10-100H,"Máy mài góc, máy mài cầm tay DCA ASM10-100H",,4.0000,
DCAASM150A,"Máy mài góc DCA",,2.0000,
DCAAST610,"Máy chà nhám băng 1200W DCA AST610",,1.0000,
DCAAVC60,"Máy hút bụi DCA",,1.0000,
DCAAZC04-30,"Máy khoan bê tông, máy khoan cầm tay 960W DCA AZC04-30",,5.0000,
DCAAZC05-26B,"Máy đục (khoan) DCA",,3.0000,
DCAAZG6S,"Máy đục bê tông cầm tay 900W DCA AZG6S",,2.0000,
DCAAZJ02-13,"Máy khoan điện, máy khoan cầm tay 500W DCA AZJ02-13",,6.0000,
DCAAZJ16,"Máy khoan búa DCA",,2.0000,
DCAFFBL18-02,"Pin lithium vuông 18V/4.0Ah DCA",,3.0000,
DCAFFBL18-07,"Pin lithium 18V/2.0Ah DCA",,3.0000,
DCAFFBL2040,"Pin lithium 20V/4.0 Ah DCA",,3.0000,
DCAFFCL12-6,"Sạc lithium vuông 12V DCA",,3.0000,
DCAFFCL18-04,"Sạc lithium 18V DCA",,3.0000,
DCAFFCL20-01,"Sạc lithium 20V DCA",,3.0000,
DCALB1220-1,"Pin Lithium tròn 12V/2.0Ah DCA",,2.0000,
DCALB1220-2,"Pin lithium vuông 12V/2.0Ah DCA",,3.0000,
DCB112-B1,"Bộ sạc pin 10.8- 18V 2A, Model: DCB112-B1",,2.0000,
DCB118-KR,"BỘ SẠC PIN ĐA NĂNG DEWALT 18V/54V, MODEL DCB118-KR",,1.0000,
DCB184-B1,"Pin PIN DEWALT DCB184-B1 18V-5.0AH DCB184-B1",,1.0000,
DCB185-B1,"Pin ĐiệN THẾ : 18V,DUNG LƯỢNG : 1.3AH DCB185-B1",,5.0000,
DCD708N-KR,"Máy khoan vặn vít dùng pin, Model: DCD708N-KR",,1.0000,
DCD771C2-B1,"Máy khoan vặn vít pin 18V - 1.3Ah - DCD771C2-B1",,1.0000,
DCD776C2-B1,"Máy khoan vặn vít động lực pin 18V - 1.3Ah - DCD776C2-B1",,2.0000,
DCD791M2-B1,"Máy khoan vặn vít pin 18V - 4.0Ah - DCD791M2-B1",,1.0000,
DCD796N-KR,"Máy khoan vặn vít động lực pin DCD796N-KR",,1.0000,
DCD996N-KR,"Máy khoan vặn vít động lực pin DCD996N-KR",,2.0000,
DCF809N-KR,"Máy vặn vít pin DCF809N-KR",,1.0000,
DCF887N-KR,"Máy vặn vít dùng Pin 18V DCF887N-KR",,1.0000,
DCF894N-KR,"Máy vặn bu lông động lực pin 18V DCF894N-KR",,1.0000,
DCH133N-KR,"Máy khoan bê tông pin DCH133N-KR",,1.0000,
DCH273B,"Máy khoan cầm tay 18V Dewalt - DCH273B",,1.0000,
DF001DW,"Bộ máy vặn vít dùng pin 3,6V DF001DW",,1.0000,
DF333DZ,"Máy khoan và vặn vít dùng pin Makita DF333DZ (Chưa Pin & Sạc )",,1.0000,
DHP453SFX8,"Máy khoan búa và vặn vít dùng pin (18V) - DHP453SFX8",,5.0000,
DHP482SFX6,"MÁY KHOAN BÚA, VẶN VÍT DÙNG PIN(101 CÁI MŨI KHOAN)(18V) - DHP482SFX6",,1.0000,
DNTC1,"Dụng Cụ Cắt Thạch Cao, Cắt Gỗ (kèm thước đo) DNTC1",,3.0000,
DNTC2,"Dụng Cụ Nâng Gạch Lớn DNTC2",,27.0000,
DNTC3,"Dụng Cụ Nâng Gạch Nhỏ DNTC3",,1.0000,
DNTCBK2MD4F18Y,"BK 2M đại 4F8*18Y",,1.0000,
DNTCBK2MN1F18Y,"BK 2M nhỏ 1F2*18Y",,14.0000,
DNTCBK2MT2F18Y,"BK 2M trung 2F4*18Y",,4.0000,
DNTCBKDN10Y,"BK Nano điện nhỏ TND*10Y",,10.0000,
DNTCBKDT20Y,"BK Nano điện trung TND*20Y",,1.0000,
DNTCBKGN1F25Y,"BK giấy nhỏ 1F2*25Y",,5.0000,
DNTCBKXV10Y,"BK xốp vàng 2F4*10Y",,1.0000,
DRT50RFX8,"MÁY ĐÁNH CẠNH PIN MAKITA DRT50RFX8",,1.0000,
DTD156SF,"MÁY VẶN VÍT DÙNG PIN(18V) - DTD156SF",,1.0000,
DTW300RTJ,"MÁY SIẾT BU LÔNG DÙNG PIN(12.7MM/BL)(18V) - DTW300RTJ",,1.0000,
DTW700RTJ,"MÁY SIẾT BU LÔNG DÙNG PIN(12.7MM/BL)(18V) - DTW700RTJ",,1.0000,
DUC254Z,"Máy cưa xích dùng pin 18V-DUC254Z",,1.0000,
DW801-B1,"Máy mài góc DW801-B1",,2.0000,
DW810B-B1,"Máy mài góc DW810B-B1",,3.0000,
DWD014-B1,"Máy khoan sắt DWD014-B1",,1.0000,
DWE4118-B1,"Máy mài góc có điều tốc DWE4118-B1",,2.0000,
E-03442,"Nam Châm Tăng Lực Hút",,6.0000,
F016800360,"Dây phun áp lực cao 6 mét",,2.0000,
F016800509,"Đầu phun xịt có bình xà phòng Bosch",,5.0000,
F016800581,"Đầu phun 90° (Aquatak)",,3.0000,
GA4030,"Máy mài Makita GA4030",,5.0000,
GA4031,"Máy mài Makita GA4031",,2.0000,
GA5010,"Máy mài Makita GA5010",,2.0000,
GA7020,"Máy mài 1t8 Makita GA7020-2200w",,2.0000,
HP0300,"Máy Khoan Búa Và Vặn Vít (10MM) HP0300",,2.0000,
HPWR15028,"Máy xịt rửa hiệu Ingco",,1.0000,
HR2300,"MÁY KHOAN ĐỘNG LỰC MAKITA (CHUÔI GÀISDS-PLUS/23MM) HR2300",,1.0000,
JM23000123,"Chổi than Makita CB500 - JM23000123",,5.0000,
JM23100179,"Công tắc - JM23100179",,1.0000,
JM23200018,"Chốt la vét - JM23200018",,1.0000,
JM23200023,"MIẾNG ĐỆM/LS1018L - JM23200023",,1.0000,
K04C-015234,"Máy khoan vặn vít dùng pin Li-ion 12V WX104 - Worx Orange",,3.0000,
K04C-015235,"Máy khoan vặn vít dùng pin Li-ion 12V WX104.2 (SET) - Worx Orange",,2.0000,
K04C-015255,"Máy vặn vít dùng pin 4V WX255 - Worx Orange",,2.0000,
K07A-022350,"K07A-022350 - Máy cắt sắt 2400W 355mm WU763 - Worx Green",,1.0000,
K07A-022374,"Máy cắt/cưa sắt cầm tay220W 355mm KU760 Kress",,2.0000,
K07A-022375,"Máy cắt/cưa gạch cầm tay1400W KU076 Kress",,2.0000,
K08K-015223,"K08K-015223 - Máy khoan búa 800W 26mm WU340S - Worx Green",,3.0000,
K08K-015228,"Máy khoan động lực 600W 13mm WX317.3 (đầu măng ranh - SET) - Worx Orange",,2.0000,
K08K-022352,"K08K-022352 - Máy khoan động lực dùng pin Li-ion 12V WU131 - Worx Green",,3.0000,
K08K-022360,"Máy khoan động lực cầm tay 650W 13mm KU310 Kress",,1.0000,
K08K-022368,"Máy khoan búa 2 chức năng 1100W 26mm KU332 Kress",,2.0000,
K08M-015242,"Máy mài góc 720W 100mm WU800S (công tắc cạnh) - Worx Green",,2.0000,
K08M-015243,"Máy mài góc 750W 100mm WU800X (công tắc đuôi) - Worx Green",,5.0000,
K08M-015244,"K08M-015244 - Máy mài góc 750W 100mm WU810 (công tắc đuôi) - Worx Green",,3.0000,
K08M-015245,"K08M-015245 - Máy mài góc 750W 100mm WU811 (công tắc cạnh) - Worx Green",,1.0000,
K08M-015246,"K08M-015246 - Máy mài góc 900W 100mm WU900 (công tắc đuôi) - Worx Green",,3.0000,
K08M-015247,"K08M-015247 - Máy mài góc 900W 100mm WU900S (công tắc cạnh) - Worx Green",,2.0000,
KCB10,"Ke cân bằng 1.0mm",,55.0000,
KCB15,"Ke cân bằng 1.5mm",,33.0000,
KCB20,"Ke cân bằng 2.0mm",,43.0000,
KCT10,"Ke chữ thập 1.0mm",,275.0000,
KCT15,"Ke chữ thập 1.5mm",,251.0000,
KCT20,"Ke chữ thập 2.0mm",,166.0000,
KCT30,"Ke chữ thập 3.0mm",,200.0000,
KimCam,"Kìm cam",,75.0000,
L03A-015201,"Bàn Thao Tác Đa Chức Năng WX051 - Worx Orange",,2.0000,
LC1230,"Máy Cắt Sắt Makita LC1230",,1.0000,
LS1018L,"Máy cắt nhôm Makita LS1018L",,1.0000,
LS1030N,"Máy cắt nhôm Makita LS1030N",,1.0000,
M01A-005445,"M01A-005445 - Máy hàn que dùng điện ARC 250D (TP1)",,2.0000,
M01A-005458,"M01A-005458 - Máy hàn ARC 250i - 220V Jasic (TP2)",,2.0000,
M01A-005459,"M01A-005459 - Máy hàn ARC 200 Jasic xách tay R04 (TP1)",,1.0000,
M01A-008771,"M01A-008771 - Máy hàn que ZX7-250E Jasic (TP1)",,1.0000,
M01B-011176,"M01B-011176 - Máy hàn ARES 150 Jasic(TP2)",,2.0000,
M01M-004539,"M01M-004539 - Máy hàn mig NB250E đầu liền Jasic",,1.0000,
M01M-007329,"M01M-007329 - Máy hàn mig 250 đầu liền 380V Jasic J04 (TP2)",,1.0000,
M01M-025028,"M01M-025028 - Máy hàn mig NB270D J346 đầu liền Jasic",,1.0000,
M01T-015535,"M01T-015535 - Máy hàn Tig 200S
W221 - Jasic (TP2)",,1.0000,
M01T-015537,"M01T-015537 - Máy hàn Tig 200
W223 - Jasic (TP2)",,1.0000,
M01T-015539,"M01T-015539 - Máy hàn Tig 250A
W227 - Jasic (TP2)",,1.0000,
M01T-022880,"M01T-022880 - Máy hàn tig nguội
TIG 250S W228 (TP2) - Jasic",,1.0000,
M01X-005570,"M01X-005570 - Máy hàn que dùng điện ZX7-200 PRO (TP1)",,1.0000,
M03B-005602,"M03B-005602 - Máy hàn que dùng điện Maxi-180 Weldcom ( TP1)",,3.0000,
M03M-023528,"M03M-023528 - Máy hàn bán tự động Multimag V2500 - Weldcom (TP7)",,1.0000,
M03M-028783,"Máy hàn bán tự động Multimag V1200 - Weldcom",,3.0000,
M0600B,"MÁY KHOAN(10MM) - M0600B",,12.0000,
M0800B,"MÁY KHOAN BÚA(10MM) - M0800B",,8.0000,
M0801B,"MÁY KHOAN BÚA(16MM) - M0801B 500W",,4.0000,
M0900B,"MÁY MÀI GÓC(100MM) - M0900B",,3.0000,
M0910B,"MÁY MÀI GÓC(100MM) - M0910B",,6.0000,
M16A-015625,"Máy cưa lọng đa năng dùng pin Li-ion 20V WX550 - Worx Orange",,2.0000,
M1901B,"Máy bào (82MM) Makita - M1901B",,6.0000,
M2401B,"MÁY CẮT SẮT(355MM) - M2401B",,1.0000,
M2402B,"Máy Cắt Sắt Makita M2402B",,1.0000,
M2403B,"Máy cắt sắt bàn Makita M2403B",,1.0000,
M24Q-004769,"M24Q-004769 - Máy hàn que dùng điện ARES 120 (kèm hộp nhựa)",,4.0000,
M29C-015208,"Máy chà nhám rung 240W WU646 - Worx Green",,4.0000,
M29C-015209,"Máy chà nhám rung 250W 1/3"""" WX641 - Worx Orange",,5.0000,
M29C-015210,"Máy chà nhám rung 260W WU639 - Worx Green",,4.0000,
M29P-015623,"Máy phay/soi 650W WU619 - Worx Green",,3.0000,
M3701B,"MÁY ĐÁNH CẠNH(1/4"") - M3701B",,3.0000,
M38A-010015,"M38A-010015 - Máy hàn que Zarc 2500 - Ziziweld",,2.0000,
M38A-010083,"M38A-010083 - Máy hàn que Zarc 3200 - Ziziweld (TP2)",,2.0000,
M38A-021188,"M38A-021188 - Máy hàn que dùng điện Zarc 4000E - Ziziweld (TP1)",,2.0000,
M6000B,"Máy khoan (10MM) Makita - M6000B",,1.0000,
M6201B,"MÁY KHOAN(13MM) - M6201B",,1.0000,
M6500B,"MÁY KHOAN TỐC ĐỘ CAO(6.5MM) - M6500B",,2.0000,
M8100KX2B,"Máy khoan búa (16MM) (26 cái phụ kiện) Makita - M8100KX2B",,1.0000,
M8103KX2B,"Máy khoan búa (13MM) (26 cái phụ kiện) Makita - M8103KX2B",,2.0000,
M9002B,"MÁY MÀI GÓC(125MM/1050W/CÔNG",,2.0000,
M9200B,"Máy chà nhám rung M9200B",,3.0000,
M9202B,"Máy chà nhám quỹ đạo tròn Makita M9202B",,1.0000,
M9400B,"MÁY CHÀ NHÁM BĂNG(100MMX610MM) - M9400B",,1.0000,
M9503B,"MÁY MÀI GÓC(125MM) - M9503B",,3.0000,
M9506B,"MÁY MÀI GÓC(100MM) - M9506B",,2.0000,
MT372,"Máy soi Maktec MT372",,1.0000,
MT431,"Máy cưa lọng Maktec MT431",,3.0000,
N5900B,"Máy cưa gỗ Makita N5900B",,4.0000,
NCBD,"Nêm cân bằng Đỏ",,9.0000,
NCBV,"Nêm cân bằng Vàng",,20.0000,
P-67885,"Lưỡi cắt gỗ 2t5x40r Makita - P-67885",,3.0000,
P-67957,"Lưỡi cưa hợp kim1t8x40r Makita - P-67957",,1.0000,
P-68018,"Lưỡi cắt nhôm 2t5x120r Makita - P-68018",,1.0000,
P01L-004311,"P01L-004311 - Bép cắt P80 1.5 - Black wolf",,50.0000,
P02A-004448,"P02A-004448 - Bép hàn CO2 M6x25x0.8 E-Cu - Black wolf",,64.0000,
P02A-004450,"P02A-004450 - Bép hàn CO2 M6x25x1.0 E-Cu - Black wolf",,23.0000,
P02B-004456,"P02B-004456 - Bép hàn CO2 M6x28x0.8 E-Cu - Black wolf",,37.0000,
P02B-004458,"P02B-004458 - Bép hàn CO2 M6x28x1.0 E-Cu - Black wolf",,49.0000,
P02C-004464,"P02C-004464 - Bép hàn CO2 M6x45x0.8 E-Cu - Black wolf",,38.0000,
P02C-004466,"P02C-004466 - Bép hàn CO2 M6x45x1.0 E-Cu - Black wolf",,50.0000,
P02C-004467,"P02C-004467 - Bép hàn CO2 M6x45x1.2 E-Cu - Black wolf",,40.0000,
P09A-004392,"P09A-004392 - Chia khí 24KD - Black wolf",,10.0000,
P12A-004480,"P12A-004480 - Chụp khí 15AK - Black wolf",,3.0000,
P12C-004398,"P12C-004398 - Chụp khí 24KD - Black wolf",,8.0000,
P16B-125223,"P16B-125223 - Dây hàn CO2 Gemini 70S phi 1.0 Kim Tín - 15Kg/cuộn",,3.0000,
P16V-008740,"P16V-008740 - Dây hàn lõi thuốc E71T-GS 1.0 mm, (5kg/ cuộn) - Weldcom",,3.0000,
P16V-022877,"P16V-022877 - Dây hàn lõi thuốc E71T-GS 1.0 mm, (1kg/ cuộn) - Weldcom",,3.0000,
P24G-004313,"P24G-004313 - Điện cực P80 -Black wolf",,60.0000,
P30G-001375,"P30G-001375 - Que volfram đỏ WT20 1.6mmx175mm",,8.0000,
P30G-001376,"P30G-001376 - Que volfram đỏ WT20 2.4mmx175mm",,8.0000,
P33A-001247,"P33A-001247 - Kìm hàn 500A xanh (50 cái/thùng)",,10.0000,
P34B-120719,"P34B-120719 - Kẹp mát 300A (100 cái/thùng)",,2.0000,
P37A-026996,"Kính hàn tự động W202A",,3.0000,
P38K-025204,"Kính Hàn RVV 2x0.3mm2x5m dùng cho máy hàn TIG lạnh - Jassic P38K-025204",,2.0000,
P55A-008311,"P55A-008311 - Sứ số 4 (10N50) - Weldcom",,7.0000,
P55A-008320,"P55A-008320 - Sứ số 6 (10N48) - Weldcom",,10.0000,
P61V-028839,"Dây hàn E71T-GS 0.8mm (1kg/cuộn) P61V-028839",,3.0000,
PBCA12001,"Dây cáp sạc bình 200AMP Total",,3.0000,
PMST02,"Kệ trưng bày Total",,16.0000,
PW1450TD-B1,"Máy phun xịt nước 1400W Black Decker",,3.0000,
QTMKTO,"Móc Khóa Tolsen",,14.0000,
QTNBHTO,"Mũ Bảo Hiểm Tolsen",,8.0000,
RT0700C,"Máy đánh cạnh 710W 6li Makita RT0700C",,1.0000,
SC16-B1,"Máy cưa đĩa 1600W, Model: SC16-B1",,1.0000,
SCH20C2K-B1,"Máy khoan động lực pin 18V Li- ion 1.3Ah, Model: SCH20C2K-B1",,2.0000,
SCHI121S2FK-B1,"Máy khoan cầm tay 12V-1.5Ah Stanley, Model: SCHI121S2FK-B1",,2.0000,
SDH600K-B1,"Máy khoan động lực SDH600K-B1",,1.0000,
SJ45-B1,"Máy cưa lọng 450W, Model: SJ45-B1",,1.0000,
SK320,"Thang nhôm rút đơn Sumika SK320",,3.0000,
SK380,"Thang nhôm rút đơn Sumika SK380",,4.0000,
SK440,"Thang nhôm rút đơn Sumika SK440",,3.0000,
SK440D,"Thang rút đôi sumika SK440D new",,2.0000,
SK604,"Thang nhôm gấp đa năng 4 đoạn - 16 bậc Sumika SK604",,2.0000,
SK605,"Thang gấp đa năng 4 đoạn SK605",,1.0000,
SK640D,"Thang nhôm rút đôi Sumika SK640D new",,4.0000,
SK760D,"Thang nhôm rút đôi Sumika SK760D new",,3.0000,
SKM604,"Thang nhôm gấp đa năng Sumika SKM604",,4.0000,
SKS380D,"Thang rút đôi Sumika 3.8m SKS380D",,3.0000,
SKS440,"Thang rút đơn 4.4m Sumika SKS440",,1.0000,
SKS500D,"Thang rút đôi Sumika SKS500D",,1.0000,
SKS560D,"Thang rút đôi 5.6m Sumika SKS560D",,2.0000,
STA002101,"XE 3 NGĂN TC1.A00.21 .01",,1.0000,
STA002102,"XE 3 NGĂN + 2 NGĂN KÉO TC1.A00.21 .02",,1.0000,
STA0021031,"XE 3 NGĂN + 3 NGĂN KÉO + MẶT BÀN PHỤ-TC1.A00.21.03.1",,1.0000,
STA002110,"XE 3 NGĂN + 1 NGĂN KÉO CAO TC1.A00.21 .10",,1.0000,
STA003000,"XE 3 NGĂN TC1.A00.30.00",,3.0000,
STA004000,"XE 4 NGĂN TC1.A00.40 .00",,1.0000,
STA012101,"XE 3 NGĂN A01.21.01",,1.0000,
STA012102,"XE 3 NGĂN + 2 NGĂN KÉO + TẤM TREO TC1.A01.21 .02",,1.0000,
STA101012,"BÀN MINI 2 NGĂN KÉO THẤP 1 NGĂN KÉO CAO -A10.10.12",,1.0000,
STA102002,"BÀN MINI A10.20 .02",,1.0000,
STA111004,"BÀN MINI A11.10 .04",,1.0000,
STA111101,"BÀN MINI 1 NGĂN KÉO CÓ TẤM TREO TC2.A11.11.01",,1.0000,
STB001110,"XE 2 NGĂN TC1.B00.11 .01",,1.0000,
STB002101,"XE 3 NGĂN TC1.B00.21 .01",,1.0000,
STB003000,"XE 3 NGĂN TC1.B00.30.00",,1.0000,
STB003101,"XE 4 NGĂN TC1.B00.31 .01",,1.0000,
STDH7213-B1,"Máy khoan động lực STDH7213-B1",,1.0000,
STkhaycole,"KHAY CỜ LÊ",,3.0000,
STkhaydo,"Khay Đồ",,1.0000,
STkhaydungcudidong,"KHAY DỤNG CỤ DI ĐỘNG",,11.0000,
STkhaymaykhoan,"KHAY MÁY KHOAN",,4.0000,
STkhayongtuyp,"KHAY ỐNG TUÝP",,2.0000,
STkhaytuavit,"KHAY TUA NƠ VÍT",,2.0000,
STminiA003000,"XE ĐẨY DỤNG CỤ 3 KHAY MINI - TC3.A00.30.00",,4.0000,
STtamchot,"TẤM CHỐT 800MM*400MM",,1.0000,
STtamtreo,"Tấm treo (kèm theo xe-2 tấm + 2 thanh treo)",,3.0000,
STxegabau,"XE GÁ BẦU xegabau",,1.0000,
TAC100303,"Mũi khoan sắt (3mm) Total",,8.0000,
TAC100403,"Mũi khoan sắt (4mm) Total",,17.0000,
TAC100453,"Mũi khoan sắt (4.5mm) Total",,9.0000,
TAC100503,"Mũi khoan sắt (5mm) Total",,9.0000,
TAC100553,"Mũi khoan sắt (5.5mm) Total",,8.0000,
TAC100603,"Mũi khoan sắt (6mm) Total",,6.0000,
TAC100653,"Mũi khoan sắt (6.5mm) Total",,9.0000,
TAC100753,"Mũi khoan sắt (7.5mm) Total",,10.0000,
TAC100803,"Mũi khoan sắt (8mm) Total",,15.0000,
TAC100853,"Mũi khoan sắt (8.5mm) Total",,10.0000,
TAC100903,"Mũi khoan sắt (9mm) Total",,10.0000,
TAC100953,"Mũi khoan sắt (9.5mm) Total",,9.0000,
TAC101003,"Mũi khoan sắt (10mm) Total",,7.0000,
TAC101053,"Mũi khoan sắt (10.5mm) Total",,9.0000,
TAC101103,"Mũi khoan sắt (11mm) Total",,6.0000,
TAC101153,"Mũi khoan sắt (11.5mm) Total",,10.0000,
TAC101203,"Mũi khoan sắt (12mm) Total",,8.0000,
TAC110301,"Mũi khoan sắt M2 (3mm) Total",,20.0000,
TAC110351,"Mũi khoan sắt M2 (3.5mm) Total",,5.0000,
TAC110401,"Mũi khoan sắt M2 (4mm) Total",,15.0000,
TAC110451,"Mũi khoan sắt M2 (4.5mm) Total",,10.0000,
TAC110501,"Mũi khoan sắt M2 (5mm) Total",,19.0000,
TAC110551,"Mũi khoan sắt M2 (5.5mm) Total",,5.0000,
TAC110601,"Mũi khoan sắt M2 (6mm) Total",,6.0000,
TAC110651,"Mũi khoan sắt M2 (6.5mm) Total",,5.0000,
TAC110701,"Mũi khoan sắt M2 (7mm) Total",,9.0000,
TAC110751,"Mũi khoan sắt M2 (7.5mm) Total",,8.0000,
TAC110801,"Mũi khoan sắt M2 (8mm) Total",,12.0000,
TAC110851,"Mũi khoan sắt M2 (8.5mm) Total",,9.0000,
TAC110901,"Mũi khoan sắt M2 (9mm) Total",,9.0000,
TAC110951,"Mũi khoan sắt M2 (9.5mm) Total",,10.0000,
TAC111001,"Mũi khoan sắt M2 (10mm) Total",,8.0000,
TAC111051,"Mũi khoan sắt M2 (10.5mm) Total",,10.0000,
TAC111101,"Mũi khoan sắt M2 (11mm) Total",,9.0000,
TAC111151,"Mũi khoan sắt M2 (11.5mm) Total",,10.0000,
TAC111201,"Mũi khoan sắt M2 (12mm) Total",,7.0000,
TAC131001,"Mũi khoan gỗ (10mm) Total",,10.0000,
TAC131201,"Mũi khoan gỗ (12mm) Total",,10.0000,
TAC131401,"Mũi khoan gỗ (14mm) Total",,10.0000,
TAC131601,"Mũi khoan gỗ (16mm) Total",,9.0000,
TAC1521182,"Mũi đuôi nhọn 5 khía 18X400mm Total",,3.0000,
TAC1531301,"Mũi đục nhọn đuôi lục giác Total 30x410mmq",,2.0000,
TAC153171,"Mũi đục nhọn đuôi lục giác Total 17x280mm",,2.0000,
TAC153172,"Mũi đục dẹp đuôi lục giác Total 17x280x22mm",,1.0000,
TAC1532301,"Mũi đục dẹp đuôi lục giác Total 30x410x40mm",,3.0000,
TAC160601,"Mũi khoan gỗ đầu dẹp (6mm) Total",,8.0000,
TAC160801,"Mũi khoan gỗ đầu dẹp (8mm) Total",,7.0000,
TAC161201,"Mũi khoan gỗ đầu dẹp (12mm) Total",,5.0000,
TAC161601,"Mũi khoan gỗ đầu dẹp (16mm) Total",,13.0000,
TAC161801,"Mũi khoan gỗ đầu dẹp (18mm) Total",,14.0000,
TAC162001,"Mũi khoan gỗ đầu dẹp (20mm) Total",,6.0000,
TAC162501,"Mũi khoan gỗ đầu dẹp (25mm) Total",,8.0000,
TAC162801,"Mũi khoan gỗ đầu dẹp (28mm) Total",,4.0000,
TAC163001,"Mũi khoan gỗ đầu dẹp (30mm) Total",,5.0000,
TAC163201,"Mũi khoan gỗ đầu dẹp (32mm) Total",,4.0000,
TAC16PH203IM,"Bộ mũi siết vít vĩ nhựa Total",,5.0000,
TAC16PH213,"Mũi bắt vít vĩ nhựa Total",,3.0000,
TAC16PH223,"Mũi bắt vít vĩ nhựa Total",,2.0000,
TAC16PH233,"Mũi bắt vít vĩ nhựa Total",,2.0000,
TAC16PH233IM,"Bộ mũi siết vít vĩ nhựa Total",,6.0000,
TAC16PH253,"Mũi siết vít vĩ nhựa Total",,3.0000,
TAC16PH253IM,"Bộ mũi siết vít vĩ nhựa Total",,6.0000,
TAC16PH273IM,"Bộ mũi siết vít vĩ nhựa Total",,7.0000,
TAC16PZ213,"Mũi bắt vít vĩ nhựa Total",,4.0000,
TAC16PZ223,"Mũi bắt vít vĩ nhựa Total",,3.0000,
TAC16SL413,"Mũi bắt vít vĩ nhựa Total",,5.0000,
TAC16SL423,"Mũi bắt vít vĩ nhựa Total",,5.0000,
TAC180351,"Mũi khoan khoét gỗ 35mm Total",,2.0000,
TAC190501,"Bộ 5 mũi khoan bê tông đuôi gài Total",,10.0000,
TAC210601,"Mũi khoan bê tông trơn (6x100) Total",,7.0000,
TAC210602,"Mũi khoan bê tông trơn (6x150) Total",,5.0000,
TAC210801,"Mũi khoan bê tông trơn (8x120) Total",,3.0000,
TAC210802,"Mũi khoan bê tông trơn (8x150) Total",,4.0000,
TAC210803,"Mũi khoan bê tông trơn (8x200) Total",,3.0000,
TAC211001,"Mũi khoan bê tông trơn (10x120) Total",,3.0000,
TAC211002,"Mũi khoan bê tông trơn (10x150) Total",,14.0000,
TAC211003,"Mũi khoan bê tông trơn (10x200) Total",,2.0000,
TAC2111161,"Đĩa cắt đá khô (115X20mm) Total",,16.0000,
TAC211201,"Mũi khoan bê tông trơn (12x150) Total",,10.0000,
TAC211202,"Mũi khoan bê tông trơn (12x200) Total",,7.0000,
TAC211401,"Mũi khoan bê tông trơn đuôi 13 (14x150)Total",,10.0000,
TAC211402,"Mũi khoan bê tông trơn đuôi 13 (14x200) Total",,9.0000,
TAC211601,"Mũi khoan bê tông trơn đuôi 13 (16x150) Total",,10.0000,
TAC211602,"Mũi khoan bê tông trơn đuôi 13 (16x200) Total",,8.0000,
TAC2131151HT,"Đĩa cắt gạch siêu mỏng (115-4"") Total",,3.0000,
TAC270831,"Bộ mũi từ bắn tôn Total",,6.0000,
TAC270832,"Bộ mũi bắn vít tol có nam châm hút Total",,4.0000,
TAC310601C,"Mũi khoan bt gài 4 cạnh (6x110) Total",,7.0000,
TAC310602,"Mũi khoan bt gài (6x160) Total",,7.0000,
TAC310603,"Mũi khoan bt gài (6x210) Total",,8.0000,
TAC310603C,"Mũi khoan bt gài 4 cạnh (6x210) Total",,9.0000,
TAC310604,"Mũi khoan bt gài (6x260) Total",,8.0000,
TAC310604C,"Mũi khoan bt gài 4 cạnh (6x260) Total",,10.0000,
TAC310605C,"Mũi khoan bt gài 4 cạnh (6x310) Total",,7.0000,
TAC310801,"Mũi khoan bt gài (8x110) Total",,8.0000,
TAC310801C,"Mũi khoan bt gài 4 cạnh (8x110) Total",,5.0000,
TAC310802,"Mũi khoan bt gài (8x160) Total",,4.0000,
TAC310802C,"Mũi khoan bt gài 4 cạnh (8x160) Total",,5.0000,
TAC310803,"Mũi khoan bt gài (8x210) Total",,8.0000,
TAC310803C,"Mũi khoan bt gài 4 cạnh (8x210) Total",,10.0000,
TAC310804,"Mũi khoan bt gài (8x260) Total",,7.0000,
TAC310804C,"Mũi khoan bt gài 4 cạnh (8x260) Total",,8.0000,
TAC310805C,"Mũi khoan bt gài 4 cạnh (8x310) Total",,8.0000,
TAC311001,"Mũi khoan bt gài (10x110) Total",,7.0000,
TAC311001C,"Mũi khoan bt gài 4 cạnh (10x110) Total",,8.0000,
TAC311002,"Mũi khoan bt gài (10x160) Total",,4.0000,
TAC311002C,"Mũi khoan bt gài 4 cạnh (10x160) Total",,1.0000,
TAC311003,"Mũi khoan bt gài (10x210) Total",,3.0000,
TAC311003C,"Mũi khoan bt gài 4 cạnh (10x210) Total",,5.0000,
TAC311004,"Mũi khoan bt gài (10x260) Total",,13.0000,
TAC311201,"Mũi khoan bt gài (12x210) Total",,9.0000,
TAC311201C,"Mũi khoan bt gài 4 cạnh (12x210) Total",,7.0000,
TAC311202,"Mũi khoan bt gài (12x160) Total",,4.0000,
TAC311203,"Mũi khoan bt gài (12x260) Total",,7.0000,
TAC311203C,"Mũi khoan bt gài 4 cạnh (12x260) Total",,9.0000,
TAC311204,"Mũi khoan bt gài (12x310) Total",,5.0000,
TAC311204C,"Mũi khoan bt gài 4 cạnh (12x310) Total",,9.0000,
TAC311401,"Mũi khoan bt gài (14x210) Total",,9.0000,
TAC311401C,"Mũi khoan bt gài 4 cạnh (14x210) Total",,8.0000,
TAC311402,"Mũi khoan bt gài (14x160) Total",,6.0000,
TAC311402C,"Mũi khoan bt gài 4 cạnh (14x160) Total",,10.0000,
TAC311403,"Mũi khoan bt gài (14x260) Total",,3.0000,
TAC311403C,"Mũi khoan bt gài 4 cạnh (14x260) Total",,3.0000,
TAC311404,"Mũi khoan bt gài (14x310) Total",,17.0000,
TAC311404C,"Mũi khoan bt gài 4 cạnh (14x310) Total",,9.0000,
TAC311601,"Mũi khoan bt gài (16x160) Total",,10.0000,
TAC311601C,"Mũi khoan bt gài 4 cạnh (16x160) Total",,8.0000,
TAC311602C,"Mũi khoan bt gài 4 cạnh (16x210) Total",,9.0000,
TAC311603,"Mũi khoan bt gài (16x260) Total",,8.0000,
TAC311603C,"Mũi khoan bt gài 4 cạnh (16x260) Total",,9.0000,
TAC311604,"Mũi khoan bt gài (16x310) Total",,10.0000,
TAC311604C,"Mũi khoan bt gài 4 cạnh (16x310) Total",,10.0000,
TAC311801C,"Mũi khoan bt gài 4 cạnh (18x260) Total",,9.0000,
TAC311802,"Mũi khoan bt gài (18x210) Total",,9.0000,
TAC311802C,"Mũi khoan bt gài 4 cạnh (18x210) Total",,10.0000,
TAC311803,"Mũi khoan bt gài (18x310) Total",,8.0000,
TAC311803C,"Mũi khoan bt gài 4 cạnh (18x310) Total",,9.0000,
TAC312001C,"Mũi khoan bt gài 4 cạnh (20x260) Total",,7.0000,
TAC312002,"Mũi khoan bt gài (20x210) Total",,9.0000,
TAC312002C,"Mũi khoan bt gài 4 cạnh (20x210) Total",,9.0000,
TAC312003,"Mũi khoan bt gài (20x310) Total",,7.0000,
TAC312202C,"Mũi khoan bt gài 4 cạnh (22x210) Total",,10.0000,
TAC312203,"Mũi khoan bt gài (22x260) Total",,17.0000,
TAC312203C,"Mũi khoan bt gài 4 cạnh (22x260) Total",,8.0000,
TAC312204,"Mũi khoan bt gài (22x310) Total",,5.0000,
TAC312403,"Mũi khoan bt gài (24x260) Total",,9.0000,
TAC312404,"Mũi khoan bt gài (24x310) Total",,7.0000,
TAC312503C,"Mũi khoan bt gài 4 cạnh (25x260) Total",,9.0000,
TAC312603,"Mũi khoan bt gài (26x260) Total",,8.0000,
TAC391601,"Mũi khoan bt đuôi lục giác (16x280) Total",,10.0000,
TAC391801,"Mũi khoan bt đuôi lục giác (18x280) Total",,10.0000,
TAC392001,"Mũi khoan bt đuôi lục giác (20x280) Total",,9.0000,
TAC392201,"Mũi khoan bt đuôi lục giác (22x280) Total",,10.0000,
TAC430501,"Mũi khoan lỗ (50) Total",,1.0000,
TAC430801,"Mũi khoan lỗ (80) Total",,3.0000,
TAC431001,"Mũi khoan lỗ (100) Total",,2.0000,
TAC451002W,"Đầu khoan (không răng cưa) (10mm) Total",,3.0000,
TAC451302W,"Đầu khoan (không răng cưa) (13mm) Total",,3.0000,
TAC461601,"Mũi gắn vít 60mm Total",,9.0000,
TAC462601,"Mũi gắn vặn vít 60mm Total",,1.0000,
TAC51051,"Bộ 5 lưỡi cưa lọng Total",,2.0000,
TAC51101D,"Lưỡi cưa lọng (cưa gỗ) Total",,12.0000,
TAC51118B,"Lưỡi cưa lọng (cưa kim loại) Total",,14.0000,
TAC51T118B,"Lưỡi cưa lọng (cưa kim loại) Total",,11.0000,
TAC631151,"Nhám xếp Total P40 - 115mm",,4.0000,
TAC631152,"Nhám xếp Total P60 - 115mm",,10.0000,
TAC631153,"Nhám xếp Total P80 - 115mm",,7.0000,
TAC7111152,"Đĩa cao su đánh bóng bằng cao su Total 100mm",,1.0000,
TAC7111801,"Đĩa cao su đánh bóng bằng cao su Total 180mm",,2.0000,
TAC7121152,"Đĩa cao su đánh bóng bằng nhựa PP Total 100mm",,3.0000,
TAC7121801,"Đĩa cao su đánh bóng bằng nhựa PP Total 180mm",,3.0000,
TAC721801,"Nĩ đánh bóng 180 Total",,2.0000,
TAC731251,"Bộ 5 giấy nhám tròn Total",,14.0000,
TAC749241-1,"Giấy chà nhám Total 90X231mm",,71.0000,
TACLI2001,"Máy bơm hơi cầm tay tự động dùng pin Lithium 20V Total (không kèm pin và sạc)",,1.0000,
TACSD30086,"Bộ 8 tua vít Total",,8.0000,
TACSD30136,"Bộ tua vít 13in1 Total",,15.0000,
TACSD30156,"Bộ tua vít 15 đầu Total",,2.0000,
TACSD30326,"Bộ 32 tua vít chuẩn Total",,2.0000,
TACSD3091,"Bộ 9 đầu tua vít Total",,14.0000,
TACSD5051,"Bộ 5 mũi khoan bê tông đuôi trơn Total",,1.0000,
TACSD70131,"Bộ 13 mũi khoan gỗ đầu dẹp Total",,3.0000,
TACSH0131,"Bộ 13 mũi khoét lỗ kim loại Total",,2.0000,
TACSH1121,"Bộ 12 mũi khoét kim loại Total",,2.0000,
TACSH2071,"Bộ 7 mũi khoét lỗ (cacbua) Total",,2.0000,
TACSR0104121,"Bộ 12 mũi phay gỗ 1/4'' (6.3mm) Total",,3.0000,
TACSR0121,"Bộ 12 mũi phay gỗ (6mm) Total",,3.0000,
TACSR1121,"Bộ 12 mũi phay gỗ (8mm) Total",,2.0000,
TACSR2121,"Bộ 12 mũi phay gỗ (12mm) Total",,2.0000,
TAKB0501,"Bộ linh kiện máy mài khuôn TG504062 Total",,1.0000,
TAKTMT1502,"Bộ lưỡi máy cắt gọc đa năng Total",,5.0000,
TAMWH25032,"Ke góc nam châm hàn 3 góc 3 inch Total",,14.0000,
TAMWH50042,"Ke góc nam châm hàn 3 góc 4 inch Total",,21.0000,
TAT10121,"Cần siết 2 chiều khí nén 1/2"" Total",,3.0000,
TAT20751,"Súng châm nhớt Total",,1.0000,
TAT3031-3,"Súng thổi khí Total",,1.0000,
TAT40121,"Dụng cụ vặn buloong dùng khí nén Total",,1.0000,
TAT8131-3,"Súng bắn đinh Total",,1.0000,
TAT8641,"Súng bắn đinh bê tông Total",,2.0000,
TB20062,"Máy thổi nhiệt Total 2000W",,2.0000,
TB2086,"Máy thổi bụi Total 800W TB2086",,1.0000,
TBLI12151,"Pin Lithium-ion 12V Total",,5.0000,
TBLI12152,"Pin Lithium-ion S12 Total",,1.0000,
TBS12001,"Máy chà nhám tăng Total 1200W",,3.0000,
TCSPA061,"Cờ lê vòng miệng (6mm) Total",,4.0000,
TCSPA071,"Cờ lê vòng miệng (7mm) Total",,15.0000,
TCSPA081,"Cờ lê vòng miệng (8mm) Total",,4.0000,
TCSPA091,"Cờ lê vòng miệng (9mm) Total",,17.0000,
TCSPA101,"Cờ lê vòng miệng (10mm) Total",,6.0000,
TCSPA111,"Cờ lê vòng miệng (11mm) Total",,14.0000,
TCSPA121,"Cờ lê vòng miệng (12mm) Total",,8.0000,
TCSPA141,"Cờ lê vòng miệng (14mm) Total",,7.0000,
TCSPA151,"Cờ lê vòng miệng (15mm) Total",,2.0000,
TCSPA161,"Cờ lê vòng miệng (16mm) Total",,2.0000,
TCSPA171,"Cờ lê vòng miệng (17mm) Total",,3.0000,
TCSPA191,"Cờ lê vòng miệng (19mm) Total",,6.0000,
TCSPA211,"Cờ lê vòng miệng (21mm) Total",,6.0000,
TCSPA221,"Cờ lê vòng miệng (22mm) Total",,5.0000,
TCSPA271,"Cờ lê vòng miệng (27mm) Total",,5.0000,
TCSPA301,"Cờ lê vòng miệng (30mm) Total",,1.0000,
TCSPA321,"Cờ lê vòng miệng (32mm) Total",,1.0000,
TCSPAR121,"Cờ lê miệng vòng 2 chiều(12mm) Total",,1.0000,
TCSPAR151,"Cờ lê miệng vòng 2 chiều (15mm) Total",,5.0000,
TCSPAR171,"Cờ lê miệng vòng 2 chiều (17mm) Total",,3.0000,
TCSPAR191,"Cờ lê miệng vòng 2 chiều (19mm) Total",,1.0000,
TD110DSYE,"Máy vặn vít pin Makita TD110DSYE",,1.0000,
TD2051026E,"Máy khoan điện Total 500W",,3.0000,
TD4506E,"Máy khoan điện Total 450W",,2.0000,
TD502106,"Máy khoan điện Total 280W TD502106",,1.0000,
TDLI1222,"Máy khoan dùng pin Lithium-ion 12V Total",,1.0000,
TDLI20024,"Máy khoan dùng pin Lithium 20V Total",,3.0000,
TDOES06071,"Cờ lê 2 miệng (6x7mm) Total",,20.0000,
TDOES08091,"Cờ lê 2 miệng (8x9mm) Total",,5.0000,
TDOES10111,"Cờ lê 2 miệng(10x11mm) Total",,11.0000,
TDOES12131,"Cờ lê 2 miệng (12x13mm)Total",,5.0000,
TDOES14151,"Cờ lê 2 miệng (14x15mm) Total",,3.0000,
TDOES16171,"Cờ lê 2 miệng (16x17mm) Total",,3.0000,
TDOES18191,"Cờ lê 2 miệng (18x19mm) Total",,4.0000,
TET2606,"Mỏ hàn chì Total",,4.0000,
TETHT01,"Máy đo độ ẩm và nhiệt độ kỹ thuật số Total",,3.0000,
TETSL01,"Máy đo độ ồn kỹ thuật số Total",,1.0000,
TFBLI2002,"Pin Lithium-ion 20V/4.Ah Total",,9.0000,
TFCLI2001,"Sạc Lithium 20V Total",,1.0000,
TFMFT01151,"Bộ dao gập/xếp Total",,6.0000,
TG10710036,"Máy mài góc Total 710W",,1.0000,
TG1121006,"Máy mài góc Total 1010W",,1.0000,
TG1121256-3,"Máy mài góc Total 1010W",,2.0000,
TG504062,"Máy mài khuôn Total 400W",,2.0000,
TG5121806,"Dao rọc giấy (kèm 6 lưỡi) Total",,1.0000,
TGCT16001,"Dao cắt kiếng hình compa Total",,5.0000,
TGGLI1201,"Súng bắn keo dùng pin Lithium-Ion ST12 Total (ko bao gồm pin và sạc)",,2.0000,
TGGLI2001,"Máy bắn keo dùng pin Lithium Total (không kèm pin và sạc)",,2.0000,
TGT11236,"Máy xịt rửa Total 1500W",,1.0000,
TGT113026,"Máy xịt rửa 1200W Total",,1.0000,
TGTAN4501,"Vòi phun góc 45 độ 590mm Total",,7.0000,
TGTHB2791,"Bàn chải xịt rửa 270*95mm Total",,5.0000,
TGTHPH526,"Dây xịt rửa áp xuất cao Total",,4.0000,
TGTPB251,"Bàn chải xịt rửa 250mm Total",,3.0000,
TGTSC185,"Dây xích xăng Total",,3.0000,
TGTSG026,"Súng xịt rửa Total TGTSG026",,4.0000,
TGTWB1781,"Cọ làm sạch bánh xe 390mm Total",,2.0000,
THBP01250,"Dao bào dũa cầm tay 250mm Total",,3.0000,
THBP0201,"Balo đựng công cụ Total",,3.0000,
THEB12051,"Thanh mở 1/2 inch 127mm Total",,1.0000,
THEB12101,"Thanh mở 1/2 inch 254mm Total",,4.0000,
THEB14021,"Thanh nối mở tuýp 1/4'' Total",,3.0000,
THEB14041,"Thanh nối mở tuýp 1/4'' Total",,3.0000,
THES23042V,"Ổ cắm điện Total",,2.0000,
THFSW1806,"Cưa tay dạng xếp Total",,4.0000,
THHISD0119L,"Đầu tuýp đen lục giác vuông 1 inch impact 19mm Total",,5.0000,
THHISD0121L,"Đầu tuýp đen lục giác vuông 1 inch impact 21mm Total",,5.0000,
THHISD0122L,"Đầu tuýp đen lục giác vuông 1 inch impact 22mm Total",,5.0000,
THHISD0123L,"Đầu tuýp đen lục giác vuông 1 inch impact 23mm Total",,4.0000,
THHISD0124L,"Đầu tuýp đen lục giác vuông 1 inch impact 24mm Total",,5.0000,
THHISD0127L,"Đầu tuýp đen lục giác vuông 1 inch impact 27mm Total",,5.0000,
THHISD0130L,"Đầu tuýp đen lục giác vuông 1 inch impact 30mm Total",,5.0000,
THHISD0132L,"Đầu tuýp đen lục giác vuông 1 inch impact 32mm Total",,4.0000,
THHISD0133L,"Đầu tuýp đen lục giác vuông 1 inch impact 33mm Total",,4.0000,
THHISD0134L,"Đầu tuýp đen lục giác vuông 1 inch impact 34mm Total",,5.0000,
THHISD0136L,"Đầu tuýp đen lục giác vuông 1 inch impact 36mm Total",,4.0000,
THHISD0138L,"Đầu tuýp đen lục giác vuông 1 inch impact 38mm Total",,5.0000,
THHISD0141L,"Đầu tuýp đen lục giác vuông 1 inch impact 41mm Total",,4.0000,
THHISD0142L,"Đầu tuýp đen lục giác vuông 1 inch impact 42mm Total",,5.0000,
THHISD0146L,"Đầu tuýp đen lục giác vuông 1 inch impact 46mm Total",,5.0000,
THHISD0148L,"Đầu tuýp đen lục giác vuông 1 inch impact 48mm Total",,5.0000,
THHUJ1121,"Đầu nối lắc léo 1/2'' Total",,2.0000,
THHUJ1141,"Đầu nối lắc léo 1/4'' Total",,2.0000,
THHW1531001,"Tay vặn chữ T đầu lục giác 3X100 Total",,3.0000,
THHW1561501,"Tay vặn chữ T đầu lục giác 6X150 Total",,9.0000,
THHW8083,"Bộ 8 chìa lục giác bông tay cầm chữ T Total",,1.0000,
THKISD12102L,"Bộ 10 đầu tuýp Deep Impact DR 1/2 inch Total",,4.0000,
THKTHP10812,"Bộ 81 món bao gồm máy khoan dùng pin 12V Total",,1.0000,
THKTHP90086,"Bộ 8 dụng cụ cầm tay Total",,3.0000,
THKTHP90096,"Bộ 9 dụng cụ cầm tay Total",,5.0000,
THKTHP90256,"Bộ 25 món dụng cụ cầm tay Total",,1.0000,
THKTV02H111,"Bộ 11 công cụ gia dụng Total",,5.0000,
THKTV02H291,"Bộ 29 công cụ gia dụng Total",,1.0000,
THKTV02P051,"Bộ 5 công cụ cầm tay cách điện Total",,2.0000,
THMFH0126,"Búa đa năng Total",,6.0000,
THMFK0156,"Dao cắt đa năng Total",,9.0000,
THMLNS031,"Bộ 3 đầu tuýp lục giác Total",,1.0000,
THPH2001,"Ống nhựa PVC 1/2 inch Total",,3.0000,
THPUT38200,"Dao cạo sơn Total",,7.0000,
THPUT38250,"Dao cạo sơn Total",,2.0000,
THSCRS812001,"Kéo cắt 215mm Total",,5.0000,
THSPP2021,"Bình xịt Total 2L",,29.0000,
THSPS12166,"Đầu tuýp lục giác 1/2 inch 16mm Total",,3.0000,
THSPS12216,"Đầu tuýp lục giác 1/2 inch 21mm Total",,2.0000,
THT1010183,"Mỏ lết 450mm Total",,5.0000,
THT101083,"Mỏ lết (200-8inch) Total",,1.0000,
THT1022122,"Bộ cờ lê vòng miệng(6-32mm) Total",,1.0000,
THT1023121,"Bộ cờ lê hai miệng Total",,4.0000,
THT1024121,"Bộ cờ lê hai vòng Total",,4.0000,
THT102RK061,"Bộ cờ lê miệng vòng 2 chiều Total",,2.0000,
THT106146,"Cần siết 2 đầu 1/4 (158mm) Total",,5.0000,
THT1061826,"Bộ khóa lục giác dạng xếp Total",,9.0000,
THT1061836,"Bộ 8 chìa lục giác Total",,10.0000,
THT106386,"Cần siết 2 chiều 3/8 (205mm) Total",,3.0000,
THT110806P,"Kềm răng 8''/200mm Total",,1.0000,
THT113186,"Kềm cộng lực (18) Total",,1.0000,
THT113246,"Kềm cộng lực (24) Total",,1.0000,
THT113306,"Kềm cộng lực (30) Total",,1.0000,
THT113486,"Kềm cộng lực (48) Total",,3.0000,
THT114041,"Bộ 4 kềm mở phe 7''/180mm Total",,2.0000,
THT115101,"Kềm cắt cáp điện (10) Total",,1.0000,
THT11561,"Kềm cắt cáp điện (6) Total",,8.0000,
THT118062,"Kềm mũi trượt (6) Total",,8.0000,
THT120606P,"Kềm cắt mỏ dài 6''/160mm Total",,2.0000,
THT121251,"Bộ 25 đầu tuýp 1/2"" và cần 2 chiều Total",,3.0000,
THT1321201,"Kẹp gỗ chữ F (120x300) Total",,5.0000,
THT1321202,"Kẹp gỗ chữ F (120x400) Total",,6.0000,
THT1321203,"Kẹp gỗ chữ F (120x500) Total",,1.0000,
THT1321204,"Kẹp gỗ chữ F (120x800) Total",,1.0000,
THT1321401,"Kẹp gỗ chữ F (140x1000) Total",,1.0000,
THT13342,"Kẹp lò xo 4''/110mm Total",,8.0000,
THT13362,"Kẹp lò xo 6''/150mm Total",,9.0000,
THT1340601,"Thanh kẹp nhanh 63x150 mm Total",,6.0000,
THT1340602,"Thanh kẹp nhanh 63x300 mm Total",,4.0000,
THT1340603,"Thanh kẹp nhanh 63x450 mm Total",,10.0000,
THT141253,"Bộ 24 cái đầu tuýp (1/2inch) & cần 2 chiều Total",,1.0000,
THT1527401,"Kéo cắt tỉa (29inch) Total",,3.0000,
THT15308,"Kéo cắt tỉa(8inch) Total",,2.0000,
THT1566P,"Kềm tước dây điện 6""/160mm Total",,5.0000,
THT1591,"Kềm tuốt dây điện 180mm/9'' Total",,2.0000,
THT1621,"Bá lăng xích 2 tấn Total",,1.0000,
THT16241,"Giỏ đựng công cụ Total",,2.0000,
THT1631,"Bá lăng xích 3 tấn Total",,1.0000,
THT16P1011,"Túi đựng công cụ đơn Total",,2.0000,
THT16P2031,"Túi đựng công cụ kèm dây đai Total",,1.0000,
THT16P3011,"Túi đựng đồ nghề 8kg Total",,5.0000,
THT171006,"Mỏ lết răng (10inch)Total",,1.0000,
THT171146,"Mỏ lết răng (14inch) Total",,2.0000,
THT171206,"Mỏ lết răng (12inch) Total",,2.0000,
THT171486,"Mỏ lết răng (48inch) Total",,2.0000,
THT183006,"Lưỡi cạo kim loại Total",,4.0000,
THT20409,"Súng bơm silicol Total",,3.0000,
THT210606,"Kềm răng (6inch) Total",,5.0000,
THT210706,"Kềm răng (7inch) Total",,3.0000,
THT210806,"Kềm răng (8inch) Total",,2.0000,
THT210906S,"Kềm răng cao cấp (9.5inch) Total",,2.0000,
THT21309,"Súng bơm silicol Total",,3.0000,
THT21356,"Tua vít dẹp 5.0X75mm Total",,3.0000,
THT21386,"Tua vít dẹp(38mm) Total",,4.0000,
THT21446,"Tua vít dẹp 4.0X100mm Total",,4.0000,
THT2146,"Tua vít dẹp(100mm) Total",,7.0000,
THT21509,"Súng bơm silicol Total",,3.0000,
THT2156,"Tua vít dẹp 6.0X125mm Total",,8.0000,
THT2166,"Tua vít dẹp(150mm) Total",,5.0000,
THT21786,"Tua vít dẹp 8.0X150mm Total",,6.0000,
THT21886,"Tua vít dẹp 8.0X200mm Total",,1.0000,
THT220606S,"Kềm mũi nhọn mỏ dài cao cấp Total",,5.0000,
THT220806S,"Kềm mũi nhọn mỏ dài cao cấp Total",,3.0000,
THT22316,"Tua vít bake 5.0x75mm Total",,4.0000,
THT22636,"Tua vít bake 8.0x150mm Total",,4.0000,
THT22836,"Tua vít bake 8.0x200mm Total",,5.0000,
THT230706,"Kềm cắt (7inch) Total",,4.0000,
THT2346,"Tua vít lục giác(100mm) Total",,4.0000,
THT2366,"Tua vít lục giác(150mm) Total",,2.0000,
THT2446,"Tua vít bake (PZ1- 100mm) Total",,2.0000,
THT24616,"Kềm mũi nhọn mỏ cong Total",,2.0000,
THT2506076,"Bộ tua vít 6 đầu Total",,5.0000,
THT250610,"Bộ 10 tua vít Total",,4.0000,
THT250726,"Bộ 7 tua vít đồng hồ Total",,1.0000,
THT250906,"Bộ 8 tua vít đa năng Total",,2.0000,
THT250FL1206,"Bộ 12 tua vít thay đổi trục linh hoạt Total",,14.0000,
THT260606,"Kềm cắt đứt Total",,10.0000,
THT26161,"Túi đựng công cụ 16 inch Total",,1.0000,
THT27716,"Kềm cắt Total",,1.0000,
THT28101,"Kềm càng cua đầu nhỏ (10) Total",,1.0000,
THT2881,"Kềm càng cua đầu nhỏ (8) Total",,2.0000,
THT2891,"Kềm càng cua đầu nhỏ (9) Total",,1.0000,
THT2K0302,"Bộ 3 kềm cách điện Total",,4.0000,
THT32101,"Kềm rút rivet (10'') Total",,1.0000,
THT32321,"Kềm rút rivet tay gấp Total",,3.0000,
THT3351,"Kéo đục lỗ vải da Total",,2.0000,
THT41166,"Đục gỗ (16mm) Total",,5.0000,
THT4166,"Đục gỗ (6mm) Total",,2.0000,
THT4196,"Đục gỗ (9mm) Total",,4.0000,
THT4211016,"Đục sắt dẹp (19mm) Total",,3.0000,
THT4211216,"Đục sắt dẹp (25mm) Total",,5.0000,
THT4221016,"Đục bê tông nhọn (254mm) Total",,5.0000,
THT4221026,"Đục bê tông nhọn (250mm) Total",,5.0000,
THT4221216,"Đục bê tông nhọn (305mm) Total",,5.0000,
THT4221226,"Đục bê tông nhọn (300mm) Total",,4.0000,
THT4411219,"Đục sắt dẹp 25mmx 305mm Total",,2.0000,
THT4421216,"Đục bê tông nhọn 16mmx 305mm Total",,1.0000,
THT4421219,"Đục bê tông nhọn 19mmx 305mm Total",,5.0000,
THT51130026,"Cưa tỉa 300mm Total",,2.0000,
THT5113006,"Cưa cành cầm tay lưỡi thẳng Total",,3.0000,
THT51133026,"Cưa tỉa 330mm Total",,4.0000,
THT5113306,"Cưa cành cầm tay lưỡi cong Total",,1.0000,
THT511812,"Dao rọc giấy (178mm) Total",,6.0000,
THT511836,"Dao rọc giấy (169mm) Total",,3.0000,
THT51881,"Dao tước dây cáp lưỡi thẳng 200mm Total",,2.0000,
THT521106,"Kéo cắt tole (cắt trái) Total",,4.0000,
THT522106,"Kéo cắt tole (cắt thẳng) Total",,3.0000,
THT523106,"Kéo cắt tole (cắt phải) Total",,1.0000,
THT524101,"Kéo cắt tole nhỏ (10'') Total",,2.0000,
THT53321,"Dao cắt ống Total",,4.0000,
THT53351,"Dao cắt ống nhựa PVC 210mm Total",,8.0000,
THT53425,"Dao cắt ống nhựa PVC 193mm Total",,4.0000,
THT55166,"Cưa tay lá liễu (16inch) Total",,1.0000,
THT55186,"Cưa tay lá liễu (18inch) Total",,1.0000,
THT55206,"Cưa tay lá liễu (20inch) Total",,1.0000,
THT571246,"Lưỡi cưa thép kim loại 24 răng Total",,18.0000,
THT576004B,"Lưỡi dao Bàn cắt gạch đẩy tay Total THT576004B",,5.0000,
THT578004B,"Lưỡi dao Bàn cắt gạch đẩy tay Total THT578004B",,7.0000,
THT7110006,"Búa đinh đầu dẹp & vuông(1000g) Total",,3.0000,
THT711006,"Búa đinh đầu dẹp & vuông(100g) Total",,4.0000,
THT7115006,"Búa đinh đầu dẹp & vuông(1500g) Total",,4.0000,
THT7120006,"Búa đinh đầu dẹp & vuông(2000g) Total",,1.0000,
THT712006,"Búa đinh đầu dẹp & vuông(200g) Total",,2.0000,
THT7143166,"Búa nhổ đinh(450g) Total",,4.0000,
THT7143206,"Búa nhổ đinh(560g) Total",,4.0000,
THT720416,"Búa tạ 4kg Total",,3.0000,
THT720516,"Búa tạ 5kg Total",,1.0000,
THT7210006,"Búa tạ (1000g) Total",,1.0000,
THT73166,"Búa nhổ đinh(450g) Total",,2.0000,
THT73227,"Búa nhổ đinh kiểu Anh 27mm Total",,2.0000,
THT7386,"Búa nhổ đinh(220g) Total",,5.0000,
THT74166,"Búa đầu tròn (450g) Total",,7.0000,
THT74246,"Búa đầu tròn (660g) Total",,8.0000,
THT74486,"Búa đầu tròn (1300g) Total",,5.0000,
THT750416,"Búa tạ 10LB Total",,2.0000,
THT750516,"Búa tạ 12LB Total",,5.0000,
THT761616,"Búa cao su (đen-450g) Total",,2.0000,
THT761636,"Búa cao su (trắng-450g) Total",,3.0000,
THT76836,"Búa cao su (trắng-220g) Total",,5.0000,
THT79021,"Búa nhựa đầu tròn đập không nảy 2LB Total",,2.0000,
THT81286,"Bàn chà Total",,4.0000,
THT82616,"Bay lát gạch(6inch) Total",,10.0000,
THT82716,"Bay lát gạch(7inch) Total",,2.0000,
THT831256,"Bay sủi sơn(125mm) Total",,8.0000,
THT831506,"Bay sủi sơn(150mm) Total",,1.0000,
THT83806,"Bay sủi sơn(80mm) Total",,5.0000,
THT84012,"Cọ sơn gỗ(1inch) Total",,2.0000,
THT84016,"Cọ sơn (1inch) Total",,3.0000,
THT84022,"Cọ sơn gỗ(2inch) Total",,3.0000,
THT84026,"Cọ sơn(2inch) Total",,2.0000,
THT84032,"Cọ sơn gỗ(3inch) Total",,3.0000,
THT84036,"Cọ sơn(3inch) Total",,3.0000,
THT84042,"Cọ sơn gỗ(4inch) Total",,4.0000,
THT84046,"Cọ sơn(4inch) Total",,2.0000,
THT84152,"Cọ sơn gỗ (1.5inch) Total",,2.0000,
THT84252,"Cọ sơn gỗ(2.5inch) Total",,4.0000,
THT846016,"Cọ sơn (1inch) Total",,4.0000,
THT846036,"Cọ sơn (3inch) Total",,1.0000,
THT846046,"Cọ sơn (4inch) Total",,2.0000,
THT846156,"Cọ sơn (1.5inch) Total",,1.0000,
THT91386,"Giũa sắt hình tròn Total",,3.0000,
THT91486,"Giũa sắt hình tam giác Total",,2.0000,
THT91586,"Giũa gỗ dẹp Total",,3.0000,
THT91686,"Giũa gỗ bán nguyệt Total",,3.0000,
THT91786,"Giũa gỗ tròn Total",,5.0000,
THT918326,"Bộ giũa gỗ Total",,5.0000,
THT91886,"Giũa sắt hình vuông Total",,6.0000,
THT9391,"Bào gỗ cầm tay 235mm Total",,4.0000,
THTDC2146,"Tua vít dẹp 5.0x100mm Total",,4.0000,
THTDC2156,"Tua vít dẹp 6.0x125mm Total",,1.0000,
THTDC2166,"Tua vít dẹp 6.0x150mm Total",,1.0000,
THTDC2246,"Tua vít bake 5.0x100mm Total",,4.0000,
THTFX12151,"Cần siết linh hoạt 1/2 inch Total",,1.0000,
THTGTS6100,"Tua vít dẹp đóng xuyên(100mm) Total",,1.0000,
THTGTS8150,"Tua vít dẹp đóng xuyên(150mm) Total",,12.0000,
THTGTS8200,"Tua vít dẹp đóng xuyên(200mm) Total",,9.0000,
THTGTSPH2150,"Tua vít đóng đầu bake Total",,3.0000,
THTGTSPH3150,"Tua vít bake đóng xuyên(150mm) Total",,6.0000,
THTIP171,"Kềm răng cách điện 7''/180mm Total",,3.0000,
THTIP181,"Kềm răng cách điện 8''/200mm Total",,3.0000,
THTIP2161,"Kềm răng cách điện 6''/160mm Total",,1.0000,
THTIP2171,"Kềm răng cách điện 7''/180mm Total",,3.0000,
THTIP2181,"Kềm răng cách điện 8''/200mm Total",,4.0000,
THTIP2261,"Kềm cắt đầu nặng cách điện 6''/160mm Total",,4.0000,
THTIP2361,"Kềm mũi nhọn mỏ dài cách điện 6''/160mm Total",,4.0000,
THTIP2381,"Kềm mũi nhọn mỏ dài cách điện 8''/200mm Total",,5.0000,
THTIP2481,"Kềm mũi nhọn mỏ cong cách điện 8''/200mm Total",,3.0000,
THTIP2571,"Kềm cắt cộng lực cách điện 7''/180mm Total",,5.0000,
THTIP261,"Kềm cắt cách điện 6''/160mm Total",,2.0000,
THTIP2661,"Kềm tuổt dây điện cách điện 6''/160mm Total",,9.0000,
THTIP2761,"Kềm cắt cáp cách điện 6''/160mm Total",,5.0000,
THTIP381,"Kềm mỏ dài cách điện 8''/200mm Total",,2.0000,
THTIS4100,"Tua vít dẹp cách điện SL4.0×100 Total",,4.0000,
THTIS5125,"Tua vít dẹp cách điện SL5.5x125 Total",,3.0000,
THTIS6150,"Tua vít dẹp cách điện SL6.5x150 Total",,2.0000,
THTISPH060,"Tua vít bake cách điện PH0x60 Total",,10.0000,
THTISPH180,"Tua vít bake cách điện PH1x80 Total",,1.0000,
THTISPH2100,"Tua vít bake cách điện PH2x100 Total",,10.0000,
THTISPZ180,"Tua vít bake cách điện PZ1x80 Total",,3.0000,
THTISPZ2100,"Tua vít bake cách điện PZ2x100 Total",,6.0000,
THTJ214041,"Bộ 4 kềm mở phe 125mm Total",,4.0000,
THTJ214042,"Bộ 4 kềm mở phe 180mm Total",,4.0000,
THTJ534121,"Kéo cắt tole nhỏ 12 inch Total",,4.0000,
THTL121101,"Bộ 10 đầu tuýp 1/2 inch Total",,1.0000,
THTM7386D,"Búa nhổ đinh Mini 8oz Total",,26.0000,
THTRCW40231,"Tắc kê chữ thập Total",,3.0000,
THTST12081,"Đầu tiếp (8mm) Total",,7.0000,
THTST12091,"Đầu tiếp (9mm) Total",,2.0000,
THTST12101,"Đầu tiếp (10mm) Total",,3.0000,
THTST12103L,"Đầu tiếp lục giác sâu 1/2inch x 10mm Total",,5.0000,
THTST12111,"Đầu tiếp (11mm) Total",,3.0000,
THTST12113L,"Đầu tiếp lục giác sâu 1/2inch x 11mm Total",,2.0000,
THTST12121,"Đầu tiếp (12mm) Total",,4.0000,
THTST12131,"Đầu tiếp (13mm) Total",,2.0000,
THTST12133L,"Đầu tiếp lục giác sâu 1/2inch x 13mm Total",,7.0000,
THTST12141,"Đầu tiếp (14mm) Totalp",,3.0000,
THTST12161,"Đầu tiếp (16mm) Total",,10.0000,
THTST12171,"Đầu tiếp (17mm) Total",,5.0000,
THTST12173L,"Đầu tiếp lục giác sâu 1/2inch x 17mm Total",,8.0000,
THTST12181,"Đầu tiếp (18mm) Total",,4.0000,
THTST12183L,"Đầu tiếp lục giác sâu 1/2inch x 18mm Total",,3.0000,
THTST12191,"Đầu tiếp (19mm) Total",,4.0000,
THTST12193L,"Đầu tiếp lục giác sâu 1/2inch x 19mm Total",,1.0000,
THTST12203L,"Đầu tiếp lục giác sâu 1/2inch x 20mm Total",,4.0000,
THTST12211,"Đầu tiếp (21mm) Total",,2.0000,
THTST12213L,"Đầu tiếp lục giác sâu 1/2inch x 21mm Total",,4.0000,
THTST12221,"Đầu tiếp (22mm) Total",,6.0000,
THTST12223L,"Đầu tiếp lục giác sâu 1/2inch x 22mm Total",,2.0000,
THTST12231,"Đầu tiếp (23inch) Total",,4.0000,
THTST12241,"Đầu tiếp (24mm) Total",,5.0000,
THTST12243L,"Đầu tiếp lục giác sâu 1/2inch x 24mm Tota",,1.0000,
THTST12251,"Đầu tiếp (25mm) Total",,3.0000,
THTST12261,"Đầu tiếp (26mm) Total",,4.0000,
THTST12271,"Đầu tiếp (27mm) Total",,4.0000,
THTST12273L,"Đầu tiếp lục giác sâu 1/2inch x 27mm Total",,5.0000,
THTST12281,"Đầu tiếp (28mm) Total",,4.0000,
THTST12291,"Đầu tiếp (29mm) Total",,4.0000,
THTST12301,"Đầu tiếp (30mm) Total",,3.0000,
THTST12303L,"Đầu tiếp lục giác sâu 1/2inch x 30mm Total",,3.0000,
THTST12321,"Đầu tiếp (32mm) Total",,4.0000,
THTST12323L,"Đầu tiếp lục giác sâu 1/2inch x 32mm Total",,4.0000,
THTSTB12106,"Thanh trượt T 250mm Total",,1.0000,
THWS030301,"Bộ 3 khớp nối Total",,1.0000,
THZATN1031,"Vòi phun máy xịt rửa Total",,3.0000,
THZATN1101,"Vòi phun máy xịt rửa Total",,2.0000,
TIRLI2002,"Máy siết vít dùng pin Lithium 20V Total",,2.0000,
TIWLI2001,"Máy siết buloong dùng pin Total",,2.0000,
TJSLI8501,"Máy cưa lọng dùng pin Lithium 20V Total (không kèm pin và sạc)",,2.0000,
TKTTSK0132,"Bộ 13 công cụ viễn thông Total",,2.0000,
TKTTSK0512,"Bộ 51 công cụ viễn thông Total",,3.0000,
TLK32202,"Ổ khóa Total",,2.0000,
TLK32302,"Ổ khóa Total",,1.0000,
TLT5001,"Máy cắt mép Total 500W",,1.0000,
TMHSB1501,"Lưỡi của khung cưa sắt nhỏ 152mm Total",,7.0000,
TMLI2001,"Máy cắt công cụ đa năng dùng pin Lithium 20V Total (không kèm pin và sạc)",,1.0000,
TMT126031,"Thước kéo thép nền vàng (3mx16mm) Total",,1.0000,
TMT126051,"Thước kéo thép nền vàng (5mx19mm) Total",,4.0000,
TMT126101,"Thước kéo thép nền vàng(10m x 25mm) Total",,2.0000,
TMT126331,"Thước kép thép nền vàng (3mx16mm) Total",,1.0000,
TMT126352,"Thước kép thép nền vàng (5mx25mm) Total",,3.0000,
TMT210016,"Thước thủy (100cm) Total",,1.0000,
TMT21005M,"Thước thủy(kèm theo nam châm hút)-100cm Total",,1.0000,
TMT21006,"Thước thủy (tốt-100cm) Total",,4.0000,
TMT21205M,"Thước thủy(kèm theo nam châm hút)-120cm Total",,3.0000,
TMT21206,"Thước thủy (tốt-120cm) Total",,2.0000,
TMT222606,"Thước nhôm 60cm Total",,1.0000,
TMT2306,"Thước thủy (tốt- 30cm) Total",,2.0000,
TMT2606D,"Thước đo kỹ thuật số (60cm) Total",,4.0000,
TMT2806,"Thước thủy (tốt-80cm) Total",,1.0000,
TMT422,"Dây đo ampe Total",,1.0000,
TMT46001,"Đồng hồ đo điện vạn năng Total TMT46001",,2.0000,
TMT47504,"Đồng hồ vạn năng kỹ thuật số Total",,1.0000,
TMTF12206,"Thước dây sợi thủy tinh (20m) Total",,8.0000,
TMTF12306,"Thước dây sợi thủy tinh (30m) Total",,4.0000,
TMXLI2001,"Máy trộn sơn dùng pin Lithium 20V Total (không kèm pin và sạc)",,2.0000,
TOBPLI228180,"Pin Li-ion 18V Total",,5.0000,
TORSP06071,"Cờ lê 2 vòng (6x7mm) Total",,1.0000,
TORSP08091,"Cờ lê 2 vòng (8x9mm) Total",,3.0000,
TORSP10111,"Cờ lê 2 vòng (10x11mm) Total",,10.0000,
TORSP12131,"Cờ lê 2 vòng (12x13mm) Total",,4.0000,
TORSP14151,"Cờ lê 2 vòng (14x15mm) Total",,9.0000,
TORSP16171,"Cờ lê 2 vòng (16x17mm) Total",,4.0000,
TORSP18191,"Cờ lê 2 vòng (18x19) Total",,1.0000,
TPHSK0401,"Bộ 4 dụng cụ sửa điện thoại Total",,10.0000,
TPMAU02,"Dù Total",,18.0000,
TPMGF03,"Cây bảng hiệu quảng cáo (cờ buồm) Total",,4.0000,
TR111226,"Máy phay gỗ Total 2200W",,2.0000,
TRHLI1601,"Máy khoan bê tông dùng pin Lithium 20V Total (không kèm pin và sạc)",,1.0000,
TRHLI2201,"Máy khoan đục dùng pin Lithium 20V Total (không kèm pin và sạc)",,5.0000,
TROSLI2001,"Máy chà nhám tròn dùng pin Lithium 20V Total (không kèm pin và sạc)",,2.0000,
TS10000,"KỀM RĂNG 6'',160mm",,0.0000,
TS10001,"KỀM RĂNG 7'',180mm",,5.0000,
TS10002,"KỀM RĂNG 8'',200mm",,11.0000,
TS10003,"KỀM CẮT 6'',160mm",,4.0000,
TS10004,"KỀM CẮT 7'',180mm",,11.0000,
TS10006,"KỀM NHỌN 6'',160mm",,11.0000,
TS10007,"KỀM NHỌN 8'',200mm",,5.0000,
TS10008,"KỀM NHỌN CONG 6'',160mm",,5.0000,
TS10013,"KỀM TUỐT DÂY 6'',160mm",,5.0000,
TS10014,"KỀM MỎ QUẠ TOLSEN 10014 25CM",,5.0000,
TS10015,"KỀM RĂNG (CÔNG NGHIỆP) 6'',160mm",,11.0000,
TS10016,"KỀM RĂNG (CÔNG NGHIỆP) 7'',180mm",,21.0000,
TS10017,"KỀM RĂNG (CÔNG NGHIỆP) 8'',200mm",,8.0000,
TS10018,"KỀM CẮT (CÔNG NGHIỆP) 6'' TOLSEN 10018",,11.0000,
TS10019,"KỀM CẮT (CÔNG NGHIỆP) 7'',180mm",,9.0000,
TS10021,"KỀM NHỌN (CÔNG NGHIỆP) 6'',160mm",,14.0000,
TS10022,"KỀM NHỌN (CÔNG NGHIỆP) 8'',200mm",,13.0000,
TS10023,"KỀM NHỌN (CÔNG NGHIỆP) 6'',160mm",,10.0000,
TS10028,"KỀM TUỐT DÂY (CÔNG NGHIỆP) 6'',160mm",,8.0000,
TS10029,"KỀM MỎ QUẠ (CÔNG NGHIỆP) 10'',250mm",,7.0000,
TS10030,"KỀM RĂNG MINI 4.5'' TOLSEN 10030",,9.0000,
TS10031,"KỀM NHỌN MINI 4.5'' TOLSEN 10031",,3.0000,
TS10033,"Kềm cắt mini 4,5"" Tolsen 10033 115mm",,2.0000,
TS10038,"BỘ 3 KỀM RĂNG - CẮT - NHỌN MINI TOLSEN 10038",,4.0000,
TS10039,"KỀM CÀNG CUA (CÔNG NGHIỆP) 8'' TOLSEN 10039",,5.0000,
TS10043,"KỀM CÀNG CUA (CÔNG NGHIỆP) 6'' TOLSEN 10043",,5.0000,
TS10044,"KỀM CÀNG CUA (CÔNG NGHIỆP) 7'' TOLSEN 10044",,6.0000,
TS10045,"KỀM CÀNG CUA (CÔNG NGHIỆP) 8'' TOLSEN 10045",,8.0000,
TS10048,"KỀM BẤM MIỆNG THẰNG 10'' TOLSEN 10048",,3.0000,
TS10049,"KỀM BẤM MIỆNG CONG 10'' TOLSEN 10049",,1.0000,
TS10050,"KỀM BẤM XÍCH 10'' ( CÔNG NGHIỆP ) TOLSEN 10050",,5.0000,
TS10051,"KỀM BẤM MIỆNG CONG TOLSEN 10051",,13.0000,
TS10052,"KỀM BẤM NHỌN TOLSEN 10052 23CM",,6.0000,
TS10053,"KỀM BẤM NHỌN (CÔNG NGHIỆP) 9'' TOLSEN 10053",,3.0000,
TS10055,"KÈM BẤM KẸP 10'' TOLSEN 10055",,3.0000,
TS10056,"KỀM BẤM CHỮ C 11'' TOLSEN 10056",,2.0000,
TS10058,"KỀM BẤM CHỮ C( CÔNG NGHIỆP ) TOLSEN 10058",,1.0000,
TS10066,"CẮT SẮT MINI 8'' TOLSEN 10066",,6.0000,
TS10077,"PHE THẲNG VÔ 7'' TOLSEN 10077",,5.0000,
TS100806,"Máy cưa kiếm Total 750W",,1.0000,
TS10082,"PHE CÔNG VÔ 7'' TOLSEN 10082",,4.0000,
TS10087,"PHE THẲNG RA 7'' TOLSEN 10087",,7.0000,
TS10092,"PHE CÔNG RA 7'' TOLSEN 10092",,7.0000,
TS10097,"BỘ KỀM PHE 7'',180mm",,5.0000,
TS10100,"KÈM PHE BỘ 4 ĐẦU 6'' TOLSEN 10100",,4.0000,
TS10101,"KỀM BẤM LỖ 9'', 220mm",,9.0000,
TS10103,"ETO 4'' TOLSEN 10103",,4.0000,
TS10105,"ETO 6'' TOLSEN 10105",,1.0000,
TS10106,"ETO 8'' TOLSEN 10106",,4.0000,
TS10107,"E TO NHANH 2'', 50mm",,1.0000,
TS10112,"CẢO CHỮ G 3'', 750mm",,2.0000,
TS10113,"CẢO CHỮ G 4'', 100mm",,3.0000,
TS10115,"CẢO CHỮ G 8'' TOLSEN 10115",,3.0000,
TS10123,"CẢO CHỮ F CÁN GỖ 50x150mm",,6.0000,
TS10125,"CẢO CHỮ F CÁN GỖ 50x250mm TOLSEN 10125",,6.0000,
TS10153,"CẢO CHỮ F CÁN GỖ 120x500mm",,3.0000,
TS10155,"CẢO CHỮ F CÁN GỖ 120x800mm",,1.0000,
TS10161,"CẢO CHỮ F CÁN NHỰA CN 50x150mm",,6.0000,
TS10163,"CẢO CHỮ F CÁN NHỰA CN 50x150mm TOLSEN 10163",,9.0000,
TS10189,"CẢO CHỮ F CÁN NHỰA CN 120x300mm",,2.0000,
TS10191,"CẢO CHỮ F CÁN NHỰA CN 120x500mm",,1.0000,
TS10193,"CẢO CHỮ F CÁN NHỰA CN 120x800mm",,2.0000,
TS10194,"CẢO CHỮ F CÁN NHỰA CN 120x1000mm",,4.0000,
TS10198,"KẸP NHỰA 4'' TOLSEN 10198",,5.0000,
TS10199,"KẸP NHỰA 6'', 150mm",,12.0000,
TS10200,"KẸP NHỰA 9'', 225mm",,8.0000,
TS10201,"KẸP NHANH 6'' TOLSEN 10201",,7.0000,
TS10204,"KẸP NHANH 12'' TOLSEN 10204",,7.0000,
TS10206,"KẸP NHANH 18'', 450mm",,5.0000,
TS10207,"KẸP NHANH 24'', 600mm",,6.0000,
TS10209,"BỘ KẸP NHANH 4'' 6'' TOLSEN 10209",,5.0000,
TS10210,"KẸP LẤY GÓC VUÔNG 3'',75mm",,4.0000,
TS10231,"MỎ LẾT RĂNG 8'' TOLSEN 10231",,3.0000,
TS10232,"MỎ LẾT RĂNG 10'' TOLSEN 10232",,3.0000,
TS10233,"MỎ LẾT RĂNG 12'' TOLSEN 10233",,5.0000,
TS10234,"MỎ LẾT RĂNG 14'' TOLSEN 10234",,4.0000,
TS10236,"MỎ LẾT RĂNG 24'' TOLSEN 10236",,4.0000,
TS10237,"MỎ LẾT RĂNG 36'' TOLSEN 10237",,1.0000,
TS10241,"KÉO CẮT SẮT 12'' TOLSEN 10241",,2.0000,
TS10242,"KÉO CẮT SẮT 14'' TOLSEN 10242",,1.0000,
TS10244,"KÉO CẮT SẮT 24'' TOLSEN 10244",,3.0000,
TS10245,"KÉO CẮT SẮT 30'' TOLSEN 10245",,1.0000,
TS10246,"KÉO CẮT SẮT 36'' TOLSEN 10246",,1.0000,
TS10247,"KÉO CẮT SẮT 42'' TOLSEN 10247",,1.0000,
TS10251,"MỎ LẾT RĂNG NHANH 90º (CÔNG NGHIỆP) 33mm TOLSEN 10251",,5.0000,
TS10256,"MỎ LẾT NHANH 45º (CÔNG NGHIỆP) 33mm TOLSEN 10256",,4.0000,
TS10257,"MỎ LẾT NHANH 45º (CÔNG NGHIỆP) 48mm TOLSEN 10257",,5.0000,
TS10301,"KỀM HÀNG RÀO 10'', 250mm",,3.0000,
TS10304,"KỀM CÀNG CUA (CÔNG NGHIỆP) 8'' TOLSEN 10045",,1.0000,
TS10305,"KỀM RĂNG ĐA NĂNG 9,5', 240mm",,3.0000,
TS10311,"KỀM 2 LỖ TOLSEN 6'', 160mm",,3.0000,
TS10313,"KỀM 2 LỖ TOLSEN 8'', 200mm",,3.0000,
TS10314,"KỀM 2 LỖ TOLSEN 10'', 250mm",,2.0000,
TS10329,"KỀM MỎ QUẠ 10'', 250mm",,5.0000,
TS10330,"KỀM MỎ QUẠ 12'', 300mm",,11.0000,
TS10400,"BỘ 3 KỀM RĂNG - CẮT - NHỌN (180mm,160mm,160mm)",,2.0000,
TS10410,"BỘ 3 KỀM RĂNG - CẮT - NHỌN CÔNG NGHIỆP TOLSEN 10410",,3.0000,
TS15001,"MỎ LẾT CÁN TRƠN 150mm(6"")",,9.0000,
TS15002,"MỎ LẾT CÁN TRƠN 200mm(8"")",,4.0000,
TS15003,"MỎ LẾT CÁN TRƠN 250mm(10"")",,3.0000,
TS15004,"MỎ LẾT 300mm(12"")",,4.0000,
TS15005,"MỎ LẾT CÁN TRƠN 375MM,15''",,3.0000,
TS15006,"MỎ LẾT CÁN TRƠN 450mm,18''",,2.0000,
TS15007,"BỘ 3 MỎ LẾT CÁN TRƠN 6'',8'',10''",,1.0000,
TS15014,"CHÌA KHÓA VÒNG MIỆNG 6mm",,8.0000,
TS15015,"CHÌA KHÓA VÒNG MIỆNG 7mm",,10.0000,
TS15016,"CHÌA KHÓA VÒNG MIỆNG 8mm TOLSEN 15016",,9.0000,
TS15017,"CHÌA KHÓA VÒNG MIỆNG 9mm TOLSEN 15017",,11.0000,
TS15019,"CHÌA KHÓA VÒNG MIỆNG 11mm TOLSEN 15019",,13.0000,
TS15022,"CHÌA KHÓA VÒNG MIỆNG 14mm TOLSEN 15022",,2.0000,
TS15023,"CHÌA KHÓA VÒNG MIỆNG 15mm TOLSEN 15023",,5.0000,
TS15024,"CHÌA KHÓA VÒNG MIỆNG 16mm TOLSEN 15024",,5.0000,
TS15026,"CHÌA KHÓA VÒNG MIỆNG 18mm TOLSEN 15026",,1.0000,
TS15028,"CHÌA KHÓA VÒNG MIỆNG 20mm TOLSEN 15028",,7.0000,
TS15029,"CHÌA KHÓA VÒNG MIỆNG 21mm TOLSEN 15029",,3.0000,
TS15030,"CHÌA KHÓA VÒNG MIỆNG 22mm TOLSEN 15030",,3.0000,
TS15033,"CHÌA KHÓA VÒNG MIỆNG 25mm TOLSEN 15033",,3.0000,
TS15034,"CHÌA KHÓA VÒNG MIỆNG 26mm TOLSEN 15034",,2.0000,
TS15035,"CHÌA KHÓA VÒNG MIỆNG 27mm TOLSEN 15035",,1.0000,
TS15036,"CHÌA KHÓA VÒNG MIỆNG 28mm TOLSEN 15036",,2.0000,
TS15037,"CHÌA KHÓA VÒNG MIỆNG 29mm TOLSEN 15037",,6.0000,
TS15038,"CHÌA KHÓA VÒNG MIỆNG 30mm TOLSEN 15038",,1.0000,
TS15039,"CHÌA KHÓA VÒNG MIỆNG 32mm TOLSEN 15039",,3.0000,
TS15051,"CHÌA KHÓA MIỆNG MIỆNG 6*7mm TOLSEN 15051",,9.0000,
TS15052,"CHÌA KHÓA MIỆNG MIỆNG 8*9mm TOLSEN 15052",,7.0000,
TS15053,"CHÌA KHÓA MIỆNG MIỆNG 10*11mm TOLSEN 15053",,12.0000,
TS15054,"CHÌA KHÓA MIỆNG MIỆNG 12*13mm TOLSEN 15054",,7.0000,
TS15055,"CHÌA KHÓA MIỆNG MIỆNG 14*15mm TOLSEN 15055",,11.0000,
TS15056,"CHÌA KHÓA MIỆNG MIỆNG 16*17mm TOLSEN 15056",,3.0000,
TS15057,"CHÌA KHÓA MIỆNG MIỆNG 18*19mm TOLSEN 15057",,5.0000,
TS15058,"CHÌA KHÓA MIỆNG MIỆNG 20*22mm TOLSEN 15058",,7.0000,
TS15059,"CHÌA KHÓA MIỆNG MIỆNG 21*23mm TOLSEN 15059",,7.0000,
TS15063,"CHÌA KHÓA VÒNG VÒNG 6*7mm TOLSEN 15063",,11.0000,
TS15064,"CHÌA KHÓA VÒNG VÒNG 8*9mm TOLSEN 15064",,8.0000,
TS15065,"CHÌA KHÓA VÒNG VÒNG 10*11mm TOLSEN 15065",,7.0000,
TS15066,"CHÌA KHÓA VÒNG VÒNG 12*13mm TOLSEN 15066",,8.0000,
TS15067,"CHÌA KHÓA VÒNG VÒNG 14*15mm TOLSEN 15067",,3.0000,
TS15070,"CHÌA KHÓA VÒNG VÒNG 20*22mm TOLSEN 15070",,4.0000,
TS15072,"CHÌA KHÓA VÒNG VÒNG 24*27mm TOLSEN 15072",,3.0000,
TS15076,"BỘ CHÌA KHÓA MIỆNG - MIỆNG 8 MÓN TOLSEN 15076",,2.0000,
TS15087,"CẦN ĐIẾU 8mm TOLSEN 15087",,4.0000,
TS15089,"CẦN ĐIẾU 10mm TOLSEN 15089",,9.0000,
TS15091,"CẦN ĐIẾU 12mm TOLSEN 15091",,9.0000,
TS15092,"CẦN ĐIẾU13mm TOLSEN 15092",,3.0000,
TS15093,"CẦN ĐIẾU14mm TOLSEN 15093",,9.0000,
TS15096,"CẦN ĐIẾU 17mm TOLSEN 15096",,5.0000,
TS15098,"CẦN ĐIẾU 19mm TOLSEN 15098",,2.0000,
TS15111,"CHỮ T 9mm TOLSEN 15111",,6.0000,
TS15113,"CHỮ 12mm TOLSEN 15113",,8.0000,
TS15114,"CHỮ 13mm TOLSEN 15114",,12.0000,
TS15115,"CHỮ 14mm TOLSEN 15115",,2.0000,
TS15116,"CHỮ 17mm TOLSEN 15116",,2.0000,
TS15117,"CHỮ T 19mm TOLSEN 15117",,3.0000,
TS15119,"CẦN TÍP TỰ ĐỘNG (CÔNG NGHIỆP) 3/8"" TOLSEN 15119",,2.0000,
TS15120,"CẦN TÍP TỰ ĐỘNG (CÔNG NGHIỆP) 1/2"" TOLSEN 15120",,6.0000,
TS15121,"CẦN NỐI 1/4'' TOLSEN 15121",,2.0000,
TS15122,"CẦN NỐI 1/4'' TOLSEN 15122",,6.0000,
TS15123,"CẦN NỐI 3/8'' TOLSEN 15123",,3.0000,
TS15124,"CẦN NỐI 3/8 TOLSEN 15124",,1.0000,
TS15127,"CẦN NỐI 1/2x125mm(5"") TOLSEN 15127",,5.0000,
TS15128,"CẦN NỐI 1/2x250mm(10"") TOLSEN 15128",,7.0000,
TS15129,"CẦN TRƯỢT 1/4''x115mm(4.5"") TOLSEN 15129",,4.0000,
TS15130,"CẦN TRƯỢT 3/8''x160mm(6"") TOLSEN 15130",,2.0000,
TS15131,"CẦN TRƯỢT 1/2''x250mm(10"") TOLSEN 15131",,7.0000,
TS15132,"ĐẦU NỐI LẮC LÉO 1/4'' x 40mm TOLSEN 15132",,2.0000,
TS15133,"ĐẦU NỐI LẮC LÉO 3/8'' x 56mm TOLSEN 15133",,8.0000,
TS15134,"ĐẦU NỐI LẮC LÉO 1/2'' x 75mm TOLSEN 15134",,6.0000,
TS15139,"BỘ DỤNG CỤ TOLSEN 15139 22 MÓN",,2.0000,
TS15141,"BỘ DỤNG CỤ TOLSEN 15141 24 MÓN",,5.0000,
TS15150,"BỘ ĐẦU TÍP TỰ ĐỘNG 1/4"" 14 MÓN TOLSEN 15150",,3.0000,
TS15151,"BỘ ĐẦU TÍP TỰ ĐỘNG 3/8"" 12 MÓN TOLSEN 15151",,9.0000,
TS15152,"BỘ ĐẦU TÍP TỰ ĐỘNG 1/2"" 12 MÓN TOLSEN 15152",,3.0000,
TS15155,"BỘ 5 KHÓA VÒNG MIỆNG",,1.0000,
TS15159,"BỘ CHÌA KHÓA VÒNG - MIỆNG 8 MÓN TOLSEN 15159",,1.0000,
TS15160,"BỘ CHÌA KHÓA VÒNG - MIỆNG 14 MÓN TOLSEN 15160",,4.0000,
TS15165,"BỘ CHÌA KHÓA MIỆNG - MIỆNG 12 MÓN TOLSEN 15165",,5.0000,
TS15170,"BỘ CHÌA KHÓA VÒNG - VÒNG 12 MÓN TOLSEN 15170",,4.0000,
TS15204,"VÒNG - MiỆNG TỰ ĐỘNG 8mm",,5.0000,
TS15205,"VÒNG - MiỆNG TỰ ĐỘNG 9mm",,8.0000,
TS15206,"VÒNG - MiỆNG TỰ ĐỘNG 10mm",,2.0000,
TS15207,"VÒNG - MiỆNG TỰ ĐỘNG 11mm",,3.0000,
TS15208,"VÒNG - MiỆNG TỰ ĐỘNG 12mm",,8.0000,
TS15209,"VÒNG - MiỆNG TỰ ĐỘNG 13mm TOLSEN 15209",,8.0000,
TS15210,"VÒNG - MiỆNG TỰ ĐỘNG 14mm",,9.0000,
TS15211,"VÒNG - MiỆNG TỰ ĐỘNG 15mm",,10.0000,
TS15212,"VÒNG - MiỆNG TỰ ĐỘNG 16mm",,7.0000,
TS15213,"VÒNG - MiỆNG TỰ ĐỘNG 17mm TOLSEN 15213",,9.0000,
TS15214,"VÒNG - MiỆNG TỰ ĐỘNG 18mm",,7.0000,
TS15215,"VÒNG - MiỆNG TỰ ĐỘNG 19mm",,6.0000,
TS15216,"VÒNG - MiỆNG TỰ ĐỘNG 20mm",,8.0000,
TS15217,"VÒNG - MiỆNG TỰ ĐỘNG 21mm",,3.0000,
TS15218,"VÒNG - MiỆNG TỰ ĐỘNG 22mm",,3.0000,
TS15219,"VÒNG - MiỆNG TỰ ĐỘNG 23mm",,3.0000,
TS15220,"VÒNG - MiỆNG TỰ ĐỘNG 24mm",,2.0000,
TS15221,"VÒNG - MiỆNG TỰ ĐỘNG 25mm",,3.0000,
TS15223,"VÒNG - MiỆNG TỰ ĐỘNG 27mm",,3.0000,
TS15226,"VÒNG - MiỆNG TỰ ĐỘNG 30mm TOLSEN 15226",,4.0000,
TS15229,"BỘ VÒNG MIỆNG TỰ ĐỘNG 7 MÓN",,2.0000,
TS15259,"BỘ VÒNG MIỆNG TỰ ĐỘNG LẮC LÉO 7 MÓN",,1.0000,
TS15280,"MỎ LẾT MINI 6.5'', 165mm",,2.0000,
TS15282,"BỘ MỎ LẾT TĂNG ĐƯA 9 -32mm TOLSEN 15282",,1.0000,
TS15293,"TÍP ĐUÔI CHUỘT 17 x 21mm",,3.0000,
TS15295,"TÍP ĐUÔI CHUỘT 19 x 21mm",,3.0000,
TS15296,"TÍP ĐUÔI CHUỘT 19 x 22mm",,3.0000,
TS15297,"TÍP ĐUÔI CHUỘT 19 x 24mm",,4.0000,
TS15303,"MỎ LẾCH ĐIỀU CHỈNH 205MM, 68MM TOLSEN 15303",,2.0000,
TS15308,"MỎ LẾT CÁN NHỰA ĐEN
CN 150mm(6"")",,0.0000,
TS15309,"MỎ LẾT CÁN NHỰA ĐEN CN 200mm(8"")",,4.0000,
TS15310,"MỎ LẾT CÁN NHỰA ĐEN CN 250mm(10"")",,4.0000,
TS15311,"MỎ LẾT CÁN NHỰA ĐEN CN 300mm(12"")",,2.0000,
TS15375,"BỘ 8 KHÓA VÒNG MIỆNG (HỆ INCH)",,0.0000,
TS15376,"BỘ 12 KHÓA VÒNG MIỆNG (HỆ INCH)",,1.0000,
TS16010,"CẦN TÍP TỰ ĐỘNG 1/2''",,2.0000,
TS16308,"ĐẦU TÍP LỤC GIÁC 3/8 8mm",,4.0000,
TS16309,"ĐẦU TÍP LỤC GIÁC 3/8 9mm",,7.0000,
TS16310,"ĐẦU TÍP LỤC GIÁC 3/8 10mm",,0.0000,
TS16311,"ĐẦU TÍP LỤC GIÁC 3/8 11mm",,7.0000,
TS16312,"ĐẦU TÍP LỤC GIÁC 3/8 12mm",,4.0000,
TS16313,"ĐẦU TÍP LỤC GIÁC 3/8 13mm",,3.0000,
TS16314,"ĐẦU TÍP LỤC GIÁC 3/8 14mm",,2.0000,
TS16315,"ĐẦU TÍP LỤC GIÁC 3/8 15mm",,5.0000,
TS16316,"ĐẦU TÍP LỤC GIÁC 3/8 16mm TOLSEN 16316",,7.0000,
TS16317,"ĐẦU TÍP LỤC GIÁC 3/8 17mm",,5.0000,
TS16318,"ĐẦU TÍP LỤC GIÁC 3/8 18mm",,7.0000,
TS16319,"ĐẦU TÍP LỤC GIÁC 3/8 19mm",,4.0000,
TS16358,"ĐẦU TÍP LỤC GIÁC DÀI 3/8 8mm",,5.0000,
TS16359,"ĐẦU TÍP LỤC GIÁC DÀI 3/8 9mm",,7.0000,
TS16360,"ĐẦU TÍP LỤC GIÁC DÀI 3/8 10mm",,0.0000,
TS16361,"ĐẦU TÍP LỤC GIÁC DÀI 3/8 11mm",,7.0000,
TS16362,"ĐẦU TÍP LỤC GIÁC DÀI 3/8 12mm",,4.0000,
TS16363,"ĐẦU TÍP LỤC GIÁC DÀI 3/8 13mm TOLSEN 16363",,1.0000,
TS16364,"ĐẦU TÍP LỤC GIÁC DÀI 3/8 14mm",,0.0000,
TS16365,"ĐẦU TÍP LỤC GIÁC DÀI 3/8 15mm",,7.0000,
TS16366,"ĐẦU TÍP LỤC GIÁC DÀI 3/8 16mm",,7.0000,
TS16368,"ĐẦU TÍP LỤC GIÁC DÀI 3/8 18mm",,8.0000,
TS16369,"ĐẦU TÍP LỤC GIÁC DÀI 3/8 19mm",,5.0000,
TS16508,"ĐẦU TÍP LỤC GIÁC 1/2'' 8mm",,2.0000,
TS16509,"ĐẦU TÍP LỤC GIÁC 1/2'' 9mm",,8.0000,
TS16510,"ĐẦU TÍP LỤC GIÁC 1/2'' 10mm",,6.0000,
TS16511,"ĐẦU TÍP LỤC GIÁC 1/2'' 11mm",,8.0000,
TS16512,"ĐẦU TÍP LỤC GIÁC 1/2'' 12mm",,2.0000,
TS16513,"ĐẦU TÍP LỤC GIÁC 1/2'' 13mm",,1.0000,
TS16514,"ĐẦU TÍP LỤC GIÁC 1/2'' 14mm",,0.0000,
TS16515,"ĐẦU TÍP LỤC GIÁC 1/2'' 15mm",,6.0000,
TS16516,"ĐẦU TÍP LỤC GIÁC 1/2'' 16mm",,8.0000,
TS16517,"ĐẦU TÍP LỤC GIÁC 1/2'' 17mm",,3.0000,
TS16518,"ĐẦU TÍP LỤC GIÁC 1/2'' 18mm",,25.0000,
TS16519,"ĐẦU TÍP LỤC GIÁC 1/2'' 19mm",,18.0000,
TS16520,"ĐẦU TÍP LỤC GIÁC 1/2'' 20mm",,7.0000,
TS16521,"ĐẦU TÍP LỤC GIÁC 1/2'' 21mm",,3.0000,
TS16522,"ĐẦU TÍP LỤC GIÁC 1/2'' 22mm",,4.0000,
TS16523,"ĐẦU TÍP LỤC GIÁC 1/2'' 23mm",,4.0000,
TS16524,"ĐẦU TÍP LỤC GIÁC 1/2'' 24mm",,4.0000,
TS16527,"ĐẦU TÍP LỤC GIÁC 1/2'' 27mm",,6.0000,
TS16530,"ĐẦU TÍP LỤC GIÁC 1/2'' 30mm",,4.0000,
TS16558,"ĐẦU TÍP LỤC GIÁC DÀI 1/2'' 8mm",,3.0000,
TS16559,"ĐẦU TÍP LỤC GIÁC DÀI 1/2'' 9mm",,6.0000,
TS16560,"ĐẦU TÍP LỤC GIÁC DÀI 1/2'' 10mm",,3.0000,
TS16561,"ĐẦU TÍP LỤC GIÁC DÀI 1/2'' 11mm",,7.0000,
TS16562,"ĐẦU TÍP LỤC GIÁC DÀI 1/2'' 12mm",,14.0000,
TS16563,"ĐẦU TÍP LỤC GIÁC DÀI 1/2'' 13mm",,8.0000,
TS16564,"ĐẦU TÍP LỤC GIÁC DÀI 1/2'' 14mm",,12.0000,
TS16565,"ĐẦU TÍP LỤC GIÁC DÀI 1/2'' 15mm",,17.0000,
TS16566,"ĐẦU TÍP LỤC GIÁC DÀI 1/2'' 16mm",,3.0000,
TS16567,"ĐẦU TÍP LỤC GIÁC DÀI 1/2'' 17mm",,1.0000,
TS16568,"ĐẦU TÍP LỤC GIÁC DÀI 1/2'' 18mm",,7.0000,
TS16569,"ĐẦU TÍP LỤC GIÁC DÀI 1/2'' 19mm",,4.0000,
TS16570,"ĐẦU TÍP LỤC GIÁC DÀI 1/2'' 20mm",,4.0000,
TS16571,"ĐẦU TÍP LỤC GIÁC DÀI 1/2'' 21mm",,2.0000,
TS16572,"ĐẦU TÍP LỤC GIÁC DÀI 1/2'' 22mm",,2.0000,
TS16573,"ĐẦU TÍP LỤC GIÁC DÀI 1/2'' 23mm",,1.0000,
TS16574,"ĐẦU TÍP LỤC GIÁC DÀI 1/2'' 24mm",,3.0000,
TS16577,"ĐẦU TÍP LỤC GIÁC DÀI 1/2'' 27mm",,6.0000,
TS16580,"ĐẦU TÍP LỤC GIÁC DÀI 1/2'' 30mm TOLSEN 16580",,5.0000,
TS16582,"ĐẦU TÍP LỤC GIÁC DÀI 1/2'' 32mm",,7.0000,
TS20001,"TUA VÍT CÁN MỀN 3.0x75mm (-)",,8.0000,
TS20002,"TUA VÍT CÁN MỀN 4.0x100mm (-)",,7.0000,
TS20003,"TUA VÍT CÁN MỀN 5.5x100mm (-)",,8.0000,
TS20004,"TUA VÍT CÁN MỀN 6.5x150mm (-)",,3.0000,
TS20005,"TUA VÍT CÁN MỀN 8.0x150mm",,2.0000,
TS20006,"TUA VÍT CÁN MỀN PH0x75mm TOLSEN 20006",,17.0000,
TS20007,"TUA VÍT CÁN MỀN PH1x100mm TOLSEN 20007",,17.0000,
TS20009,"TUA VÍT CÁN MỀN PH3x150mm (+)",,11.0000,
TS20014,"BỘ TUA VÍT 6 CÂY",,12.0000,
TS20017,"TUA VÍT CÁN TRONG 4x100mm -",,6.0000,
TS20018,"TUA VÍT CÁN TRONG 5x100mm -",,1.0000,
TS20019,"TUA VÍT CÁN TRONG 6x150mm -",,2.0000,
TS20029,"BỘ VÍT CÁN TRONG 6 CÂY TOLSEN 20029",,2.0000,
TS20031,"BỘ VÍT SỬA ĐỒNG HỒ 6 CÂY TOLSEN 20031",,4.0000,
TS20032,"CỤC KHỬ TỪ TUA VÍT TOLSEN 20032",,4.0000,
TS20033,"BỘ VÍT TỰ ĐỘNG 7 TRONG 1 TOLSEN 20033",,2.0000,
TS20034,"VÍT BỘ 26 CÂY TOLSEN 20034",,2.0000,
TS20035,"BỘ VÍT TÍP 38 CÂY TOLSEN 20035",,3.0000,
TS20039,"BỘ TUA VÍT 8 IN 1 TOLSEN 20039",,1.0000,
TS20040,"BỘ VÍT TỰ ĐỘNG TOLSEN 20040 14 MŨI",,4.0000,
TS20041,"BỘ VÍT TÍP 42 MÓN TOLSEN 20041",,6.0000,
TS20042,"BỘ TUA VÍT TOLSEN 20042 2 IN 1",,2.0000,
TS20043,"BỘ TUA VÍT TOLSEN 20043 4 IN 1",,8.0000,
TS20048,"LỤC GIÁC BỘ 9 CÂY NGẮN TOLSEN 20048",,5.0000,
TS20049,"LỤC GIÁC BỘ TOLSEN 20049 9 CÂY DÀI",,1.0000,
TS20051,"LỤC GIÁC BỘ 10 CÁI TOLSEN 20051",,7.0000,
TS20054,"LỤC GIÁC BI BỘ 9 CÂY DÀI TOLSEN 20054",,3.0000,
TS20056,"LỤC GIÁC BÔNG BỘ 9 CÂY NGẮN TOLSEN 20056",,2.0000,
TS20057,"LỤC GIÁC BÔNG BỘ 9 CÂY DÀI TOLSEN 20057",,6.0000,
TS20061,"BỘ LỤC GIÁC CHỮ 8 CÂY TOLSEN 20061",,1.0000,
TS20062,"BỘ LỤC GIÁC CHỮ 8 CÂY TOLSEN 20062",,2.0000,
TS20068,"BỘ LỤC GIÁC 8 CÂY ĐẦU BI TOLSEN 20068",,4.0000,
TS20069,"BỘ LỤC GIÁC 8 CÂY ĐẦU BÔNG TOLSEN 20069",,8.0000,
TS20111,"VÍT ĐÓNG ĐẦU TRỪ TOLSEN 20111",,4.0000,
TS20112,"VÍT ĐÓNG ĐẦU TRỪ TOLSEN 20112",,5.0000,
TS20114,"VÍT ĐÓNG ĐẦU TRỪ TOLSEN 20114",,5.0000,
TS20115,"VÍT ĐÓNG ĐẦU TRỪ TOLSEN 20115",,3.0000,
TS20117,"VÍT ĐÓNG ĐẦU TRỪ TOLSEN 20117",,7.0000,
TS20119,"VÍT ĐÓNG ĐẦU TRỪ TOLSEN 20119",,7.0000,
TS20121,"VÍT ĐÓNG ĐẦU CỘNG TOLSEN 20121",,6.0000,
TS20122,"VÍT ĐÓNG ĐẦU CỘNG TOLSEN 20122",,10.0000,
TS20124,"VÍT ĐÓNG ĐẦU CỘNG TOLSEN 20124",,12.0000,
TS20125,"VÍT ĐÓNG ĐẦU CỘNG TOLSEN 20125",,4.0000,
TS20127,"VÍT ĐÓNG ĐẦU CỘNG",,7.0000,
TS20129,"VÍT ĐÓNG ĐẦU CỘNG",,8.0000,
TS20131,"TUA VÍT NGẮN -, 5.5 x 38mm",,5.0000,
TS20132,"TUA VÍT NGẮN -, 6.5 x 38mm",,10.0000,
TS20133,"TUA VÍT NGẮN +, ph1 x 38mm",,14.0000,
TS20138,"TUA VÍT ĐÓNG NGẮN TOLSEN 20138",,13.0000,
TS20140,"TUA VÍT ĐÓNG NGẮN 38mm",,15.0000,
TS20144,"TUA VÍT - 6.5x100mm",,2.0000,
TS20154,"TUA VÍT - PH2x*100mm",,34.0000,
TS20180,"BỘ 4 CÂY TUA VÍT",,7.0000,
TS20181,"BỘ 2 CÂY TUA VÍT MINI",,10.0000,
TS20182,"BỘ 2 CÂY TUA VÍT",,4.0000,
TS20207,"BỘ 2 ĐẦU VÍT TOLSEN 20207",,5.0000,
TS20233,"BỘ ĐẦU LỤC GIÁC ( CÔNG NGIỆP ) TOLSEN 20233",,3.0000,
TS20234,"BỘ ĐẦU LỤC GIÁC ( CÔNG NGIỆP ) TOLSEN 20234",,4.0000,
TS20235,"BỘ ĐẦU LỤC GIÁC ( CÔNG NGIỆP ) TOLSEN 20235",,4.0000,
TS20236,"BỘ ĐẦU LỤC GIÁC ( CÔNG NGIỆP ) TOLSEN 20236",,5.0000,
TS20238,"BỘ ĐẦU VÍT VUÔNG ( CÔNG NGHIỆP ) TOLSEN 20238",,5.0000,
TS20239,"BỘ ĐẦU VÍT VUÔNG ( CÔNG NGHIỆP ) TOLSEN 20239",,5.0000,
TS20240,"BỘ ĐẦU VÍT VUÔNG ( CÔNG NGHIỆP ) TOLSEN 20240",,5.0000,
TS20312,"BỘ 2 ĐẦU VÍT PH1*50 TOLSEN 20312",,4.0000,
TS20326,"BỘ 2 ĐẦU VÍT T30*50 TOLSEN 20326",,4.0000,
TS20327,"BỘ 2 ĐẦU VÍT T40*50 TOLSEN 20327",,1.0000,
TS20333,"BỘ 2 ĐẦU LỤC GIÁC ( CÔNG NGHIỆP) TOLSEN 20333",,4.0000,
TS20335,"BỘ 2 ĐẦU LỤC GIÁC ( CÔNG NGHIỆP) TOLSEN 20335",,4.0000,
TS20336,"BỘ 2 ĐẦU LỤC GIÁC ( CÔNG NGHIỆP) TOLSEN 20336",,3.0000,
TS20338,"BỘ 2 ĐẦU VÍT VUÔNG( CÔNG NGHIỆP) TOLSEN 20338",,5.0000,
TS20339,"BỘ 2 ĐẦU VÍT VUÔNG ( CÔNG NGHIỆP) TOLSEN 20339",,5.0000,
TS20340,"BỘ 2 ĐẦU VÍT VUÔNG ( CÔNG NGHIỆP) TOLSEN 20340",,5.0000,
TS20360,"BỘ 10 TUA VÍT 2 ĐẦU CỘNG TOLSEN 20360",,6.0000,
TS20361,"BỘ 10 TUA VÍT 2 ĐẦU CỘNG & TRỪ",,4.0000,
TS20365,"BỘ ĐẦU VÍT 15 MÓN",,4.0000,
TS20370,"BỘ VÍT 38 CHI TIẾT",,2.0000,
TS204556,"Máy cưa lọng Total 400W",,2.0000,
TS25001,"BÚA GÒ CÁN NHỰA 200g",,1.0000,
TS25002,"BÚA GÒ CÁN NHỰA 300g",,7.0000,
TS25003,"BÚA GÒ CÁN NHỰA 500g",,9.0000,
TS25007,"BÚA GÒ CÁN NHỰA 1500g TOLSEN 25007",,13.0000,
TS25010,"BÚA TẠ CÁN NHỰA 1KG",,1.0000,
TS25013,"BÚA TẠ CÁN NHỰA 2KG",,1.0000,
TS25016,"BÚA TẠ CÁN NHỰA DÀI 5KG TOLSEN 25016",,1.0000,
TS25025,"BÚA ĐẦU TRÒN CÁN NHỰA 32OZ",,3.0000,
TS25028,"BÚA SỪNG DÊ CÁN NHỰA 8OZ(23mm/225g)",,7.0000,
TS25030,"BÚA SỪNG DÊ CÁN NHỰA 16OZ(29mm/450g)",,3.0000,
TS25031,"BÚA SỪNG DÊ CÁN NHỰA 20OZ(31mm/650g)",,2.0000,
TS25032,"BÚA SỪNG DÊ CÁN GỖ 560g",,4.0000,
TS25033,"BÚA CAO SU 8OZ(220g)",,33.0000,
TS25035,"BÚA CAO SU 16OZ(450g)",,6.0000,
TS25037,"BÚA CAO SU 24OZ (675g)",,4.0000,
TS25040,"BÚA CAO SU CAO CẤP",,3.0000,
TS25042,"BÚA CAO SU 2 ĐẦU 35mm",,13.0000,
TS25043,"BÚA TẠ CÁN NHỰA 900g",,3.0000,
TS25053,"BÚA RÌU CÁN NHỰA , NEW 600G",,13.0000,
TS25056,"ĐỤC CÁN NHỰA (CÔNG NGHIỆP) 6mm",,5.0000,
TS25058,"ĐỤC CÁN NHỰA (CÔNG NGHIỆP) 8mm",,5.0000,
TS25060,"ĐỤC CÁN NHỰA (CÔNG NGHIỆP) 12mm",,1.0000,
TS25061,"ĐỤC CÁN NHỰA (CÔNG NGHIỆP) 14mm",,3.0000,
TS25062,"ĐỤC CÁN NHỰA (CÔNG NGHIỆP) 18mm",,10.0000,
TS25063,"ĐỤC CÁN NHỰA (CÔNG NGHIỆP) 20mm",,1.0000,
TS25065,"ĐỤC CÁN NHỰA (CÔNG NGHIỆP) 24mm",,1.0000,
TS25066,"ĐỤC CÁN NHỰA (CÔNG NGHIỆP) 26mm",,1.0000,
TS25067,"ĐỤC CÁN NHỰA (CÔNG NGHIỆP) 19mm",,5.0000,
TS25068,"ĐỤC CÁN NHỰA (CÔNG NGHIỆP) 20mm",,1.0000,
TS25069,"ĐỤC CÁN NHỰA (CÔNG NGHIỆP) 22mm",,2.0000,
TS25070,"ĐỤC CÁN NHỰA (CÔNG NGHIỆP) 24mm TOLSEN 25070",,3.0000,
TS25071,"ĐỤC CÁN NHỰA (CÔNG NGHIỆP) 25mm",,2.0000,
TS25072,"ĐỤC CÁN NHỰA (CÔNG NGHIỆP) 26mm",,1.0000,
TS25073,"ĐỤC CÁN NHỰA (CÔNG NGHIỆP) 32mm",,3.0000,
TS25079,"ĐỤC CÁN NHỰA (CÔNG NGHIỆP) 51mm",,1.0000,
TS25082,"ĐỤC SẮT NHỌN 4*16*250mm",,1.0000,
TS25085,"ĐỤC SẮT NHỌN 10 TOLSEN 25085",,4.0000,
TS25086,"ĐỤC SẮT DẸP 10 TOLSEN 25086",,5.0000,
TS25089,"ĐỤC SẮT DẸP 24*18*300mm",,2.0000,
TS25091,"BỘ 5 ĐỤC DÙI (CÔNG NGHIỆP)",,2.0000,
TS25094,"BỘ ĐÓNG SỐ 9 CÂY NHỎ",,7.0000,
TS25101,"BỘ ĐÓNG 27 CHỮ NHỎ",,4.0000,
TS25104,"BỘ ĐÓNG 27 CHỮ LỚN",,1.0000,
TS25109,"XÀ BEN 16x600mm",,2.0000,
TS25111,"XÀ BEN 18x750mm",,1.0000,
TS25115,"XÀ BEN 6x35x375mm",,1.0000,
TS25121,"BÚA GÒ CÁN GỖ 200g",,2.0000,
TS25122,"BÚA GÒ CÁN GỖ 300g",,5.0000,
TS25123,"BÚA GÒ CÁN GỖ 500g",,2.0000,
TS25124,"BÚA GÒ CÁN GỖ 1000g",,3.0000,
TS25125,"BÚA GÒ CÁN GỖ 1500g",,2.0000,
TS25126,"BÚA GÒ CÁN GỖ 2000g",,5.0000,
TS25130,"BÚA TẠ CÁN GỖ 1KG",,7.0000,
TS25132,"BÚA TẠ CÁN GỖ 1.5KG",,1.0000,
TS25133,"BÚA TẠ CÁN GỖ 2KG",,3.0000,
TS25142,"BÚA ĐẦU TRÒN CÁN GỖ 16OZ",,4.0000,
TS25145,"BÚA ĐẦU TRÒN CÁN GỖ 32OZ",,3.0000,
TS25148,"BÚA SỪNG DÊ CÁN GỖ 225g TOLSEN 25148",,9.0000,
TS25150,"BÚA SỪNG DÊ CÁN GỖ 450g",,3.0000,
TS25158,"BÚA SỪNG DÊ CÁN NHỰA 25mm",,2.0000,
TS25164,"BÚA SỪNG DÊ CÁN GỖ 25mm",,2.0000,
TS25165,"BÚA SỪNG DÊ CÁN GỖ 27mm",,2.0000,
TS25167,"BÚA SỪNG DÊ 1 SỪNG 600g",,5.0000,
TS25173,"BÚA CAO SU TRẮNG 225g",,5.0000,
TS25175,"BÚA CAO SU TRẮNG 450g",,5.0000,
TS25177,"BÚA CAO SU TRẮNG 675g",,5.0000,
TS25185,"BÚA SỪNG DÊ CÁN NHỰA",,3.0000,
TS25188,"BÚA ĐẦU NHỌN CÁN NHỰA",,3.0000,
TS25190,"BÚA SỪNG DÊ CÁN NHỰA ĐẦU ĐEN",,3.0000,
TS25253,"BÚA RÌU CÁN GỖ 600g",,4.0000,
TS25254,"BÚA RÌU CÁN GỖ 800g TOLSEN 25254",,5.0000,
TS25256,"BÚA RÌU CÁN GỖ 1250g TOLSEN 25256",,1.0000,
TS25384,"BỘ 3 ĐỤC CÁN GỖ 6,13,19,25mm",,3.0000,
TS30000,"DAO RỌC GiẤY NHỎ",,10.0000,
TS30001,"DAO RỌC GiẤY CÁN NHỰA",,7.0000,
TS30002,"DAO RỌC GiẤY CÁN NHÔM 18*100MM TOLSEN 30002",,7.0000,
TS30003,"DAO RỌC GiẤY ( 3 LƯỠI )",,8.0000,
TS30004,"DAO RỌC GiẤY MINI CÁN NHỰA",,17.0000,
TS30005,"DAO RỌC GiẤY MINI CÁN SẮT",,7.0000,
TS30006,"CÂY SỦI",,3.0000,
TS30008,"DAO RỌC GiẤY LƯỠI LIỀN CÁN NHÔM",,28.0000,
TS30011,"LƯỠI DAO ( TÉP 10 LƯỠI)",,10.0000,
TS30012,"LƯỠI DAO ( TÉP 10 LƯỠI) TOLSEN 30012",,7.0000,
TS30013,"LƯỠI DAO TRÁI ẤU (5 LƯỠI)",,2.0000,
TS30014,"CÂY SỦI 174MM",,5.0000,
TS30015,"DAO RỌC GiẤY 3 LƯỠI (CÔNG NGHIỆP) TOLSEN 30015",,10.0000,
TS30016,"DAO RỌC GIẤY 3 LƯỠI (CÔNG NGHIỆP) TO TOLSEN 30016",,7.0000,
TS30017,"LƯỠI DAO THÉP SK5 ( SIZE TO) ĐƠN VỊ 10 LƯỠI TOLSEN 30017",,5.0000,
TS30018,"DAO RỌC GIẤY CÓ KHÓA TOLSEN 30018",,8.0000,
TS30019,"DAO RỌC GIẤY 3 LƯỠI",,5.0000,
TS30021,"KÉO CẮT TÔN TRÁI (CÔNG NGHIỆP)",,5.0000,
TS30022,"KÉO CẮT TÔN THẲNG (CÔNG NGHIỆP) 10""/250MM TOLSEN 30022",,7.0000,
TS30023,"KÉO CẮT TÔN PHẢI (CÔNG NGHIỆP)",,5.0000,
TS30030,"KÉO CẮT TÔN CÁN THẲNG 10'',250mm",,6.0000,
TS30037,"KÉO CẮT TÔN 12'', 300mm",,2.0000,
TS30042,"KÉO ĐA NĂNG 7'', 180mm",,7.0000,
TS30043,"KÉO ĐiỆN TỬ (CÔNG NGHIỆP) 5.5''",,12.0000,
TS30044,"KÉO GIA DỤNG 8'', 200mm",,7.0000,
TS30045,"KÉO LÀM BẾP 8'', 200mm",,9.0000,
TS30046,"KÈM ĐA NĂNG",,11.0000,
TS30049,"KÉO CẮT ĐA NĂNG 220mm",,7.0000,
TS30050,"KHUNG CƯA LỘNG 150mm",,3.0000,
TS30051,"KHUNG CƯA LỘNG 150mm TOLSEN 30051",,9.0000,
TS30052,"KHUNG CƯA VUÔNG 300mm",,2.0000,
TS30053,"KHUNG CƯA TRÒN 300mm TOLSEN 30053",,6.0000,
TS30055,"KHUNG CƯA TỐT 300mm",,8.0000,
TS30056,"KHUNG CƯA TĂNG ĐƯA 300mm",,1.0000,
TS3006,"Máy cắt gọc đa năng Total 300W",,3.0000,
TS30060,"BỌC 10 LƯỠI CƯA 150mm",,2.0000,
TS30061,"LƯỠI CƯA ĐEN 300mm ( X 10 LƯỠI)",,6.0000,
TS30064,"LƯỠI CƯA VÀNG TỐT 300mm (X 2 LƯỠI)",,2.0000,
TS30065,"LƯỠI CƯA VÀNG 300 (X 1 LƯỠI) 24 RĂNG TOLSEN 30065",,28.0000,
TS30066,"LƯỠI CƯA VÀNG 300 (X 1 LƯỠI)18 RĂNG TOLSEN 30066",,30.0000,
TS30106,"LƯỠI CƯA GỖ THƯA 610mm TOLSEN 30106",,5.0000,
TS30108,"DAO RỌC GiẤY LƯỠI LIỀN CỐ ĐỊNH CÁN NHÔM",,1.0000,
TS31013,"CÂY SỨA THẲNG 150mm",,3.0000,
TS31014,"SỨA XẾP 300mm",,3.0000,
TS31017,"BỘ CƯA BẢNG + KHUNG CƯA GỖ 300mm TOLSEN 31017",,2.0000,
TS31018,"KÉO CẮT CÀNH CÁN NHUNG 200mm",,9.0000,
TS31019,"KÉO CẮT CÀNH CÁN NHUNG 200mm",,2.0000,
TS31022,"KÉO CẮT CÀNH CÁN VÀNG 200mm TOLSEN 31022",,15.0000,
TS31023,"KÉO CẮT HOA CÁN VÀNG - BẠC 200mm TOLSEN 31023",,1.0000,
TS31024,"KÉO CẮT HÀNG RÀO TĂNG ĐƯA LƯỠI DÀI TOLSEN 31024",,5.0000,
TS31025,"KÉO CẮT HÀNG RÀO TĂNG ĐƯA LƯỠI NGẮN TOLSEN 31025",,3.0000,
TS31031,"KÉO CẮT CÀNH 31031 200mm TOLSEN 31031",,5.0000,
TS31032,"KÉO CẮT CÀNH 31032 200mm TOLSEN 31032",,5.0000,
TS31070,"CƯA BẢNG 400mm TOLSEN 31070",,4.0000,
TS31081,"KHUNG CƯA GỖ 530mm TOLSEN 31081",,1.0000,
TS31099,"LƯỠI CƯA GỖ DẦY 530mm TOLSEN 31099",,3.0000,
TS31100,"LƯỠI CƯA GỖ NHIỄM 610mm TOLSEN 31100",,5.0000,
TS31105,"LƯỠI CƯA GỖ THƯA 530mm TOLSEN 31105",,5.0000,
TS3141102,"Máy cắt đá Total 1400W",,1.0000,
TS32001,"DŨA THÉP BẢNG 200MM,8'' TOLSEN 32001",,2.0000,
TS32005,"DŨA THÉP MÔ 200MM,8'' TOLSEN 32005",,5.0000,
TS32009,"DŨA THÉP TRÒN 200MM,8'' TOLSEN 32009",,4.0000,
TS32013,"DŨA THÉP TAM GIÁC 200MM,8'' TOLSEN 32013",,1.0000,
TS32017,"DŨA THÉP VUÔNG 200MM,8'' TOLSEN 32017",,5.0000,
TS32021,"DŨA GỖ BẢNG 200MM,8'' TOLSEN 32021",,1.0000,
TS32025,"DŨA GỖ MÔ 200MM,8'' TOLSEN 32025",,5.0000,
TS32029,"DŨA GỖ TRÒN 200MM,8'' TOLSEN 32029",,5.0000,
TS32046,"BỘ DŨA MINI 3mm*100mm TOLSEN 32046",,10.0000,
TS32047,"ĐÁ MÀI 150mm TOLSEN 32047",,3.0000,
TS32059,"BỘ BÀN CHẢI 180mm TOLSEN 32059",,43.0000,
TS32060,"BÀN CHẢI SẮT 250mm TOLSEN 32060",,8.0000,
TS32062,"BÀN CHẢI SẮT 4 LINE TOLSEN 32062",,33.0000,
TS32100,"BÀN CHÀ NHÁM 165mm TOLSEN 32100",,5.0000,
TS32101,"BÀN CHÀ NHÁM 210mm TOLSEN 32101",,2.0000,
TS33001,"KÉO CẮT ỐNG NƯỚC ( CÔNG NGHIỆP ) TOLSEN 33001",,14.0000,
TS33002,"KÉO CẮT ỐNG 3mm - 35mm TOLSEN 33002",,6.0000,
TS33004,"CẮT ỐNG ĐỒNG 3mm - 28mm TOLSEN 33004",,12.0000,
TS33009,"DỤNG CỤ CẮT ỐNG (NHÔM. SẮT) 10mm - 40mm TOLSEN 33009",,3.0000,
TS33013,"KEO NON 10m TOLSEN 33013",,18.0000,
TS33021,"MÁY HÀN ỐNG 700W -1500W TOLSEN 33021",,1.0000,
TS33022,"MÁY HÀN ỐNG 800W TOLSEN 33022",,1.0000,
TS33100,"KÉO CẮT ỐNG NƯỚC TOLSEN 33100",,8.0000,
TS33505,"BỘ MŨI KHOAN ỐC GẪY TOLSEN 33505",,16.0000,
TS35002,"THƯỚC CuỘN BỌC NHỰA MỀM 3mx16mm TOLSEN 35002",,9.0000,
TS35007,"THƯỚC CUỘN 5M*19MM TOLSEN 35007",,3.0000,
TS35008,"THƯỚC CUỘN 8M*25MM TOLSEN 35008",,6.0000,
TS35013,"THƯỚC CUỘN 30m*12.5mm TOLSEN 35013",,4.0000,
TS35020,"THƯỚC DÂY NHỰA 20M *12.5mm TOLSEN 35020",,2.0000,
TS35022,"THƯỚC DÂY NHỰA TOLSEN 35022 30M",,3.0000,
TS35023,"THƯỚC DÂY NHỰA TOLSEN 35023 50M",,1.0000,
TS35024,"THƯỚC LÁ 150mm TOLSEN 35024",,18.0000,
TS35026,"THƯỚC LÁ 300mm TOLSEN 35026",,15.0000,
TS35028,"THƯỚC LÁ 600mm TOLSEN 35028",,6.0000,
TS35030,"THƯỚC LÁ 1000mm TOLSEN 35030",,5.0000,
TS35038,"THƯỚC GỐC NHÔM (CÔNG NGHIỆP) 250mm TOLSEN 35038",,6.0000,
TS35039,"THƯỚC GỐC NHÔM (CÔNG NGHIỆP) 300mm TOLSEN 35039",,8.0000,
TS35042,"THƯỚC GÓC ĐEN 200X300mm TOLSEN 35042",,10.0000,
TS35044,"BỘ THƯỚC LÁ 13 LÁ TOLSEN 35044",,17.0000,
TS35046,"THƯỚC XẾP GỖ 2M TOLSEN 35046",,3.0000,
TS35047,"THƯỚC XẾP NHỰA 2M TOLSEN 35047",,2.0000,
TS35049,"THƯỚC KẸP CƠ 150mm TOLSEN 35049",,1.0000,
TS35052,"THƯỚC KẸP NHỰA MÀN HÌNH SỐ 150mm TOLSEN 35052",,10.0000,
TS35053,"THƯỚC KẸP MÀN HÌNH SỐ (CÔNG NGHIỆP) 150mm TOLSEN 35053",,1.0000,
TS35059,"THƯỚC THỦY MINI 22,5CM TOLSEN 35059",,7.0000,
TS35072,"ĐỒNG HỒ CÂN TOLSEN 35072 22KG",,9.0000,
TS35080,"THƯỚC GÓC 250mm TOLSEN 35080",,8.0000,
TS35081,"THƯỚC GÓC 300mm TOLSEN 35081",,6.0000,
TS35105,"THƯỚC THỦY CÓ TỪ 80 CM TOLSEN 35105",,1.0000,
TS35111,"THƯỚC THỦY CÓ TỪ (CÔNG NGHIỆP) 40CM TOLSEN 35111",,3.0000,
TS35115,"THƯỚC THỦY CÓ TỪ (CÔNG NGHIỆP) 120CM TOLSEN 35115",,3.0000,
TS35141,"MÁY CÂN MỰC LASEZ TOLSEN 35141",,2.0000,
TS35991,"THƯỚC CUỘN 3M*16mm TOLSEN 35991",,2.0000,
TS35994,"THƯỚC CUỘN 7.5M*25MM TOLSEN 35994",,2.0000,
TS36002,"THƯỚC CUỘN (CÔNG NGHỆP) 3Mx16mm TOLSEN 36002",,2.0000,
TS36004,"THƯỚC CUỘN (CÔNG NGHỆP) 5Mx25mm TOLSEN 36004",,6.0000,
TS36005,"THƯỚC CUỘN (CÔNG NGHỆP) 8Mx25mm TOLSEN 36005",,8.0000,
TS36006,"THƯỚC CUỘN (CÔNG NGHỆP) 10Mx25mm TOLSEN 36006",,4.0000,
TS36012,"THƯỚC CUỘN TỰ ĐỘNG 3Mx16mm TOLSEN 36012",,10.0000,
TS36014,"THƯỚC CUỘN TỰ ĐỘNG 5Mx25mm TOLSEN 36014",,8.0000,
TS36015,"THƯỚC CUỘN TỰ ĐỘNG TOLSEN 36015 8M",,8.0000,
TS36016,"THƯỚC CUỘN TỰ ĐỘNG TOLSEN 36016 10M",,5.0000,
TS38003,"VÍT CÁCH ĐIỆN 6.5''x150mm",,8.0000,
TS38013,"BỘ VÍT CÁCH ĐiỆN 6 CÂY",,7.0000,
TS38016,"BỘ VÍT CÁCH ĐIỆN 13 CÂY TOLSEN 38016",,3.0000,
TS38020,"CẮT CÁP 6''",,9.0000,
TS38021,"CẮT CÁP 8''",,5.0000,
TS38022,"CẮT CÁP 10""",,2.0000,
TS38024,"BĂNG KEO ĐiỆN TRẮNG 9,15M",,9.0000,
TS38031,"DỤNG CỤ ĐO ĐiỆN (CÔNG NGHIỆP) TOLSEN 38031",,4.0000,
TS38034,"DỤNG CỤ KẸP ĐO ĐiỆN (CÔNG NGHIỆP) TOLSEN 38034",,1.0000,
TS38040,"DAO THỢ ĐIỆN LƯỠI THẲNG TOLSEN 38040",,5.0000,
TS38041,"DAO THỢ ĐIỆN LƯỠI CONG TOLSEN 38041",,5.0000,
TS38048,"KỀM TUỐT DÂY TỰ ĐỘNG 8"" / 200mm",,4.0000,
TS38049,"KỀM TUỐT DÂY TỰ ĐỘNG 8"" / 200mm",,5.0000,
TS38050,"KỀM TÁCH ĐẦU DÂY 2 IN 1 TOLSEN 38050",,7.0000,
TS38051,"KỀM TUỐT DÂY 7 IN 1",,2.0000,
TS38052,"KỀM TUỐT DÂY ĐA NĂNG 215mm",,4.0000,
TS38056,"KỀM BẤM COS 220mm TOLSEN 38056",,4.0000,
TS38060,"MỎ HÀN (CÔNG NGHIỆP) 30W TOLSEN 38060",,10.0000,
TS38062,"MỎ HÀN (CÔNG NGHIỆP) 60W TOLSEN 38062",,10.0000,
TS38064,"MỎ HÀN (CÔNG NGHIỆP) 100W TOLSEN 38064",,9.0000,
TS38110,"BÚT DÒ ĐIỆN XOAY CHIỀU (AC) KHÔNG TIẾP XÚC (CÔNG NGHIỆP) TOLSEN 38110",,6.0000,
TS38115,"BÚT THỬ ĐIỆN 190MM",,12.0000,
TS40010,"DAO CẠO 6 IN 1",,9.0000,
TS40011,"CÂY SỦI CÁN NHỰA 30mm TOLSEN 40011",,1.0000,
TS40023,"DAO CHÉCH THẠCH CAO 200mm,8''",,2.0000,
TS40024,"DAO CHÉCH THẠCH CAO 250mm,10''",,3.0000,
TS40025,"DAO CHÉCH THẠCH CAO 300mm,12''",,3.0000,
TS40038,"CÂY CỌ SƠN 30X100X44mm",,5.0000,
TS40040,"CÂY CỌ SƠN 40X140X51mm",,7.0000,
TS40048,"CỌ SƠN NGHIÊNG 1''",,2.0000,
TS40049,"CỌ SƠN NGHIÊNG 1.5''",,5.0000,
TS40050,"CỌ SƠN NGHIÊNG 2''",,3.0000,
TS40051,"CỌ SƠN NGHIÊNG 2.5''",,2.0000,
TS40057,"CỌ LĂN SƠN TRẮNG 225mm",,6.0000,
TS40059,"KHUNG CỌ LĂN SƠN 225mm",,4.0000,
TS40068,"ỐNG LĂN SƠN SỌC 100mm",,3.0000,
TS40073,"ỐNG LĂN SƠN TRẮNG 225mm",,9.0000,
TS40077,"CỌ LĂN SƠN TRẮNG 250mm",,3.0000,
TS40079,"KHUNG CỌ LĂN SƠN 250mm",,3.0000,
TS40081,"ỐNG LĂN SƠN SỌC ĐÔI 250mm",,3.0000,
TS40083,"ỐNG LĂN SƠN TRẮNG 225mm",,11.0000,
TS40088,"KHAY NHỰA ĐỰNG SƠN 225mm",,1.0000,
TS40091,"CỌ LĂN SƠN TRẮNG NHỎ 100mm",,4.0000,
TS40092,"ỐNG LĂN SƠN SỌC NHỎ 100mm TOLSEN 40092",,10.0000,
TS40093,"ỐNG LĂN SƠN TRẮNG NHỎ 100mm",,42.0000,
TS40096,"KHAY NHỰA ĐỰNG SƠN 360mm",,3.0000,
TS40098,"CÂY QuẬY 40cm (ĐUÔI LỤC GIÁC)",,6.0000,
TS40099,"CÂY QuẬY 60cm (ĐUÔI LỤC GIÁC)",,2.0000,
TS40102,"CÂY QuẬY 60cm (ĐUÔI GÀI)",,1.0000,
TS40121,"CÂY CỌ SƠN 1'' 12MM",,13.0000,
TS40122,"CÂY CỌ SƠN 1.5'' 13MM",,8.0000,
TS40123,"CÂY CỌ SƠN 2'' 14,5MM",,16.0000,
TS40124,"CÂY CỌ SƠN 2.5'' 15MM",,2.0000,
TS40125,"CÂY CỌ SƠN 3'' 16MM",,8.0000,
TS40126,"CÂY CỌ SƠN 4'' 17MM",,2.0000,
TS40133,"CÂY CỌ SƠN 2'' 14,5MM",,3.0000,
TS40134,"CÂY CỌ SƠN 2.5'' 15MM",,1.0000,
TS40144,"BỘ 3 CÂY CỌ SƠN 1'', 1.5'', 2'' TOLSEN 40144",,1.0000,
TS407114,"MÁY ĐÁNH BÓNG (CHÀ NHÁM) CHỦ NHẬT 150W EXTOL 407114",,2.0000,
TS41000,"CÂY BAY CÁN GỖ",,9.0000,
TS41001,"CÂY BAY CÁN GỖ",,5.0000,
TS41002,"CÂY BAY CÁN GỖ",,10.0000,
TS41003,"BAY CÁN NHỰA MŨI BẦU",,4.0000,
TS41008,"CÂY BAY CÁN GỖ",,5.0000,
TS41012,"BAY VUÔNG CÁN GỖ 280X120mm",,2.0000,
TS41016,"CÂY BAY CÁN NHỰA 280mm",,2.0000,
TS41017,"CÂY BAY RĂNG CƯA CÁN NHỰA 280mm TOLSEN 41017",,13.0000,
TS41018,"BÀN CHÀ XỐP 250mm",,5.0000,
TS41019,"BÀN CHÀ XỐP 230mm",,3.0000,
TS41022,"BÀN CHÀ XỐP VÀNG 240mm",,8.0000,
TS41029,"DAO CẮT KiẾNG 175mm",,6.0000,
TS41030,"DAO CẮT KiẾNG 130mm",,3.0000,
TS41031,"DAO CẮT KiẾNG (CÔNG NGHIỆP) 178mm",,3.0000,
TS41032,"BÀN CẮT GẠCH 600mm",,1.0000,
TS41033,"BÀN CẮT GẠCH 400mm TOLSEN 41033",,3.0000,
TS41034,"BÀN CẮT GẠCH (CÔNG NGHIỆP) 800mm TOLSEN 41034",,1.0000,
TS41037,"LƯỠI DAO BÀN CẮT GẠCH CHO 41032 & 41033 TOLSEN 41037",,9.0000,
TS41038,"LƯỠI DAO BÀN CẮT GẠCH CHO 41034 TOLSEN 41038",,3.0000,
TS41050,"CÂY BAY CÁN NHỰA 125mm",,6.0000,
TS41051,"CÂY BAY CÁN NHỰA 150mm",,2.0000,
TS41052,"CÂY BAY CÁN NHỰA 175mm",,3.0000,
TS41053,"CÂY BAY CÁN NHỰA 200mm",,5.0000,
TS41055,"BAY VUÔNG CÁN NHỰA 140mm",,4.0000,
TS41056,"BAY VUÔNG CÁN NHỰA 160mm TOLSEN 41056",,4.0000,
TS41057,"BAY VUÔNG CÁN NHỰA 180mm TOLSEN 41057",,5.0000,
TS41058,"BAY VUÔNG CÁN NHỰA 200mm TOLSEN 41058",,4.0000,
TS411013,"MÁY KHÒ 1000W - 2000W EXTOL 411013",,1.0000,
TS42006,"LƯỠI BÀN BÀU TOLSEN 42006",,5.0000,
TS42025,"BÚT LÔNG ĐEN 143MM",,1.0000,
TS42026,"BÚT LÔNG ĐỎ 143MM",,9.0000,
TS42182552-SP-42,"Ốc tán kẹp lưỡi máy cưa nhôm Total TS42182552-SP-42",,1.0000,
TS42182552T-SP-39-T,"Tán trong kẹp lưỡi máy cưa nhôm Total TS42182552T-SP-39-T",,1.0000,
TS42182552T-SP-41-T,"Tán ngoài kẹp lưỡi máy cưa nhôm Total TS42182552T-SP-41-T",,1.0000,
TS43003,"KỀM BẤM RIVE (CÔNG NGHIỆP) TOLSEN 43003",,9.0000,
TS43005,"BỌC 50 ĐINH RIVE 2.4x6.4mm",,2.0000,
TS43006,"BỌC 50 ĐINH RIVE 2.4x8mm
50 pcs",,2.0000,
TS43021,"BẮN KIM (CÔNG NGHIỆP)",,6.0000,
TS43022,"BẮN KIM",,5.0000,
TS43023,"HỘP 1.000 KIM 0.7x6mm
1000pcs",,1.0000,
TS43024,"HỘP 1.000 KIM 0.7x8mm
1000pcs",,4.0000,
TS43025,"HỘP 1.000 KIM 0.7x10mm
1000pcs",,4.0000,
TS43028,"HỘP 1.000 KIM 1.2x8mm
1000pcs",,5.0000,
TS43029,"HỘP 1.000 KIM 1.2x10mm
1000pcs",,3.0000,
TS43030,"HỘP 1.000 KIM 1.2x12mm
1000pcs",,4.0000,
TS43041,"KHUNG BẮN SILICONE 225mm TOLSEN 43041",,9.0000,
TS43044,"ỐNG BẮN SILICONE 225mm",,3.0000,
TS43046,"ỐNG BẮN SILICONE 375mm",,3.0000,
TS43048,"MŨI SÚNG KHUNG SILICON 43044& 43046 ( bọc 5 cái )",,49.0000,
TS43052,"MÁNG BẮN SILICONE 225mm TOLSEN 43052",,4.0000,
TS43060,"SÚNG PHUN BỌT",,2.0000,
TS44910,"NAM CHÂM HÀN GỐC VUÔNG",,13.0000,
TS44911,"NAM CHÂM HÀN GỐC VUÔNG 50LBS",,12.0000,
TS44912,"NAM CHÂM HÀN GỐC VUÔNG 75LBS",,8.0000,
TS44934,"KẸP HÀN 800A TOLSEN 44934",,1.0000,
TS44941,"KẸP ĐẤT (MÁX) 500A",,1.0000,
TS45001,"ĐÔI BAO TAY VẢI TOLSEN 45001",,16.0000,
TS45002,"BAO TAY VẢI TRẮNG TOLSEN 45002",,57.0000,
TS45006,"ĐÔI BAO TAY VẢI CHẤM CAO SU TOLSEN 45006",,160.0000,
TS45010,"ĐÔI BAO TAY VẢI CAO SU MỘT MẶT TOLSEN 45010",,204.0000,
TS45024,"BAO TAY VẢI DÀY DÀI TOLSEN 45024",,3.0000,
TS45026,"BAO TAY VẢI HÀN",,5.0000,
TS45044,"BAO TAY CƠ KHÍ",,3.0000,
TS45047,"BAO TAY CƠ KHÍ",,7.0000,
TS45054,"BỘ 3 KHẨU TRANG (CÔNG NGHIỆP) TOLSEN 45054",,6.0000,
TS45062,"KHẨU TRANG (CÔNG NGHIỆP) TOLSEN 45062",,7.0000,
TS45069,"KÍNH BẢO HỘ CÓ DÂY TOLSEN 45069",,8.0000,
TS45071,"KÍNH BẢO HỘ GỌNG ĐEN TOLSEN 45071",,6.0000,
TS45072,"KÍNH BẢO HỘ GỌNG TRẮNG TOLSEN 45072",,6.0000,
TS45073,"KÍNH BẢO HỘ ĐEN",,12.0000,
TS45074,"KÍNH BẢO HỘ TOLSEN 45074",,7.0000,
TS45085,"MẶT NẠ HÀN CẦM TAY",,2.0000,
TS45094,"ÁO LAO ĐỘNG TOLSEN 45094",,30.0000,
TS45106,"CẶP BẢO HỘ ĐẦU GỐI",,3.0000,
TS45112,"ÁO LAO ĐỘNG TOLSEN 45112",,1.0000,
TS45182,"MẶT KÍNH BẢO HỘ TOLSEN 45182",,8.0000,
TS45188,"NÓN LAO ĐỘNG PP (VÀNG ) TOLSEN 45188",,2.0000,
TS45189,"NÓN LAO ĐỘNG PP ( XANH ) TOLSEN 45189",,4.0000,
TS45190,"NÓN LAO ĐỘNG PP ( ĐỎ ) TOLSEN 45190",,6.0000,
TS45266,"DÂY DAI AN TOÀN TOLSEN 45266",,2.0000,
TS45271,"DÂY AN TOÀN TOLSEN 45271",,1.0000,
TS45276,"DÂY AN TOÀN HẤP THỤ LỰC TOLSEN 45276",,2.0000,
TS45353,"GIÀY BẢO HỘ 41 TOLSEN 45353",,1.0000,
TS45354,"GIÀY BẢO HỘ 42 TOLSEN 45354",,1.0000,
TS45355,"GIÀY BẢO HỘ 43 TOLSEN 45355",,1.0000,
TS45356,"GIÀY BẢO HỘ 44 TOLSEN 45356",,2.0000,
TS50004,"CHỔI CƯỚC 170X 70mm TOLSEN 50004",,3.0000,
TS50100,"DÂY LÒ XO VỆ SINH 3M TOLSEN 50100",,1.0000,
TS50102,"DÂY LÒ XO VỆ SINH 10M TOLSEN 50102",,1.0000,
TS50105,"DÂY RÚT TRẮNG 100mm TOLSEN 50105",,10.0000,
TS50108,"DÂY RÚT TRẮNG 200mm TOLSEN 50108",,22.0000,
TS50110,"DÂY RÚT TRẮNG 300mm TOLSEN 50110",,10.0000,
TS50115,"DÂY RÚT ĐEN 100mm TOLSEN 50115",,20.0000,
TS50118,"DÂY RÚT ĐEN 200mm TOLSEN 50118",,28.0000,
TS50120,"DÂY RÚT ĐEN 300mm TOLSEN 50120",,9.0000,
TS50140,"HỘP DÂY RÚT 1.200 cộng TOLSEN 50140",,3.0000,
TS50202,"BĂNG KEO TRONG 50m TOLSEN 50202",,1.0000,
TS50206,"BĂNG KEO SIÊU TRẮNG TRONG 100m TOLSEN 50206",,1.0000,
TS50212,"BĂNG KEO VÀNG 50m TOLSEN 50212",,2.0000,
TS50244,"BĂNG KEO GIẤY 18mm*30m TOLSEN 50244",,5.0000,
TS50245,"BĂNG KEO GIẤY 24mm*30m TOLSEN 50245",,3.0000,
TS50270,"BĂNG KEO LƯỚI 45m TOLSEN 50270",,1.0000,
TS50271,"BĂNG KEO LƯỚI 90m TOLSEN 50271",,2.0000,
TS50281,"BĂNG KEO VẢI DUCT TAPE - SIÊU DÍNH 25m TOLSEN 50281",,3.0000,
TS51011,"Ê KE TRẮNG 100X75MM",,8.0000,
TS51012,"Ê KE TRẮNG 100X125MM",,10.0000,
TS51013,"Ê KE TRẮNG 125X150MM TOLSEN 51013",,2.0000,
TS51014,"Ê KE TRẮNG 150X200MM",,4.0000,
TS51016,"Ê KE TRẮNG 250X300MM",,1.0000,
TS51017,"Ê KE TRẮNG 300X350MM",,8.0000,
TS55111,"Ổ KHÓA ĐỒNG TOLSEN 55111 20MM",,2.0000,
TS55113,"Ổ KHÓA ĐỒNG(CÔNG NGHIỆP) TOLSEN 55113",,3.0000,
TS55116,"Ổ KHÓA ĐỒNG(CÔNG NGHIỆP) TOLSEN 55116",,3.0000,
TS55133,"Ổ KHÓA SẮT ĐEN 32mm TOLSEN 55133",,4.0000,
TS55134,"Ổ KHÓA SẮT ĐEN 38mm TOLSEN 55134",,1.0000,
TS57101,"SÚNG PHUN NƯỚC 1 TIA",,9.0000,
TS57102,"VÒI ĐIỀU CHỈNH TOLSEN 57102",,6.0000,
TS57112,"KHỚP NỐI 2 CHIỀU 1/2''",,3.0000,
TS57113,"KHỚP NỐI 3 CHIỀU 1/2 TOLSEN 57113",,4.0000,
TS57116,"KHỚP NỐI CHỮ Y 1/2 TOLSEN 57116",,3.0000,
TS57118,"ĐẦU NỐI ỐNG 1/2''",,3.0000,
TS57125,"BỘ 4 ĐẦU NỐI ỐNG 1/2''",,4.0000,
TS57130,"VÒI PHUN QUAY XUNG QUANG",,3.0000,
TS57281,"BÌNH PHUN NƯỚC 2 LÍT TOLSEN 57281",,3.0000,
TS57283,"BÌNH PHUN NƯỚC 2 LÍT TOLSEN 57283",,11.0000,
TS57292,"BÌNH PHUN NƯỚC 5 LÍT TOLSEN 57292",,4.0000,
TS57504,"CÂY CÀO ĐẤT LÀM VƯỜN 28,5CM",,3.0000,
TS57506,"CÂY CHỈA XỚI ĐẤT LÀM VƯỜN 32CM",,1.0000,
TS57508,"CÂY CÀO CUỐC LÀM VƯỜN 31CM",,5.0000,
TS57510,"CÂY CHỔI CÀO LÁ LÀM VƯỜN 35CM",,3.0000,
TS60011,"ĐÈN SOI 7 LED TRẮNG DÙNG PIN TOLSEN 60011",,10.0000,
TS60015,"ĐÈN LÀM VIỆC 24 LED DÙNG PIN TOLSEN 60015",,12.0000,
TS60021,"ĐÈN PIN CÁN BỌC NHỰA 7 LED",,7.0000,
TS60031,"ĐÈN PIN CÁN NHÔM
(CÔNG NGHIỆP) 1W",,4.0000,
TS60033,"ĐÈN PIN PHÓNG TO, (CÔNG NGHIỆP) 3W DÙNG PIN TOLSEN 60033",,3.0000,
TS60050,"ĐÈN LÀM VIỆC 50W 5M",,6.0000,
TS60051,"ĐÈN LÀM VIỆC 50W 10M",,2.0000,
TS60055,"ĐÈN LÀM VIỆC 10W",,1.0000,
TS62239,"DÂY RÀNG HÀNH LÝ 1200MM TOLSEN 62239",,1.0000,
TS62242,"DÂY RÀNG 600mm TOLSEN 62242",,8.0000,
TS62243,"DÂY RÀNG 900mm TOLSEN 62243",,7.0000,
TS62248,"DÂY TĂNG ĐƠ CHẰNG HÀNG (CÔNG NGHIỆP) 5M TOLSEN 62248",,4.0000,
TS62252,"BỘ 2 DÂY TĂNG ĐƠ CHẰNG HÀNG 5M TOLSEN 62252",,4.0000,
TS62254,"BỘ 4 DÂY TĂNG ĐƠ CHẰNG HÀNG 5M TOLSEN 62254",,2.0000,
TS62261,"DÂY TĂNG ĐƠ CHẰNG HÀNG 6M TOLSEN 62261",,2.0000,
TS62442,"DỤNG CỤ KÉO CÁP TAY 2 TẤN TOLSEN 62442",,2.0000,
TS62600,"XE ĐẨY 70KG TOLSEN 62600",,1.0000,
TS62605,"XE ĐẨY 150KG TOLSEN 62605",,3.0000,
TS62606,"XE ĐẨY 300KG TOLSEN 62606",,2.0000,
TS62626,"XE RÙA BÁNH ĐEN 150KG - 65L TOLSEN 62626",,2.0000,
TS62661,"HÍT KÍNH ĐƠN 25KG TOLSEN 62661",,10.0000,
TS62662,"HÍT KÍNH ĐÔI 50KG TOLSEN 62662",,8.0000,
TS62663,"HÍT KÍNH BA 75KG TOLSEN 62663",,5.0000,
TS65000,"CẢO 2 CHẤU 3'' TOLSEN 65000",,1.0000,
TS65002,"CẢO 2 CHẤU 6'' TOLSEN 65002",,4.0000,
TS65003,"CẢO 2 CHẤU 8'' TOLSEN 65003",,4.0000,
TS65011,"CẢO 3 CHẤU 4'' TOLSEN 65011",,3.0000,
TS65012,"CẢO 3 CHẤU 6'' TOLSEN 65012",,1.0000,
TS65023,"CẢO 2 CHẤU (CÔNG NGHIỆP) 8'' TOLSEN 65023",,5.0000,
TS65200,"BƠM MỠ 500g TOLSEN 65200",,1.0000,
TS65202,"ỐNG BƠM MỠ 300mm TOLSEN 65202",,3.0000,
TS65223,"BÌNH XỊT NHỚT 300ml TOLSEN 65223",,7.0000,
TS65225,"BÌNH XỊT NHỚT 500ml TOLSEN 65225",,1.0000,
TS65232,"QUẶNG NHỰA 250mm TOLSEN 65232 TOLSEN 65232",,6.0000,
TS65402,"ĐỘI HƠI 2 TẤN 175mm 116mm 48mm 2.38kg TOLSEN 65402",,1.0000,
TS65404,"ĐỘI HƠI 4 TẤN 190mm 118mm 60mm 2.5kgs TOLSEN 65404",,2.0000,
TS65406,"ĐỘI HƠI 6 TẤN 210mm 127mm 70mm 4.02kgs TOLSEN 65406",,1.0000,
TS65410,"ĐỘI HƠI 10 TẤN 225mm 145mm 80mm 5.4kgs TOLSEN 65410",,2.0000,
TS65420,"ĐỘI HƠI 20 TẤN 240mm 150mm 60mm 10.06kgs TOLSEN 65420",,2.0000,
TS65501,"ỐNG BƠM 35*400mm TOLSEN 65501",,2.0000,
TS66015,"DỤNG CỤ GẤP VẬT DỤNG 610mm TOLSEN 66015",,3.0000,
TS66020,"DỤNG CỤ GẤP VẬT DỤNG CÓ ĐÈN 610mm TOLSEN 66020",,5.0000,
TS73160,"SÚNG PHUN SƠN MINI HVLP TOLSEN 73160",,3.0000,
TS73191,"BÌNH PHUN NHỚT 215MM , 0.75L TOLSEN 73191",,4.0000,
TS73193,"SÚNG BƠM HƠI LỐP 40CM TOLSEN 73193",,1.0000,
TS73195,"VÒI SÚNG PHUN HƠI 20CM TOLSEN 73195",,8.0000,
TS73301,"SÚNG HƠI MỞ BU LÔNG 1/2'' TOLSEN 73301",,1.0000,
TS73315,"CẦN TÍP HƠI MỞ BU LÔNG 1/2 TOLSEN 73315",,4.0000,
TS73325,"MÁY MÀI HƠI 1/4'' TOLSEN 73325",,3.0000,
TS74802,"MŨI KHOAN BÊ TÔNG X-tip ( CÔNG NGHIỆP ) 6X110mm TOLSEN 74802",,7.0000,
TS74804,"MŨI KHOAN BÊ TÔNG X-tip ( CÔNG NGHIỆP )8x110mm TOLSEN 74804",,3.0000,
TS74822,"MŨI KHOAN BÊ TÔNG X-tip ( CÔNG NGHIỆP ) 6x160mm",,5.0000,
TS74824,"MŨI KHOAN BÊ TÔNG X-tip ( CÔNG NGHIỆP ) 8x160mm",,5.0000,
TS74826,"MŨI KHOAN BÊ TÔNG X-tip ( CÔNG NGHIỆP ) 10x160mm",,3.0000,
TS74828,"MŨI KHOAN BÊ TÔNG X-tip ( CÔNG NGHIỆP ) 12x160mm",,1.0000,
TS74830,"MŨI KHOAN BÊ TÔNG X-tip ( CÔNG NGHIỆP ) 14x160mm",,5.0000,
TS74832,"MŨI KHOAN BÊ TÔNG X-tip ( CÔNG NGHIỆP ) 16x160mm",,5.0000,
TS74842,"MŨI KHOAN BÊ TÔNG X-tip ( CÔNG NGHIỆP ) 6x210mm",,4.0000,
TS74844,"MŨI KHOAN BÊ TÔNG X-tip ( CÔNG NGHIỆP ) 8x210mm",,4.0000,
TS74846,"MŨI KHOAN BÊ TÔNG X-tip ( CÔNG NGHIỆP ) 10x210mm",,3.0000,
TS74848,"MŨI KHOAN BÊ TÔNG X-tip ( CÔNG NGHIỆP ) 12x210mm",,4.0000,
TS74850,"MŨI KHOAN BÊ TÔNG X-tip ( CÔNG NGHIỆP ) 14x210mm",,4.0000,
TS74852,"MŨI KHOAN BÊ TÔNG X-tip ( CÔNG NGHIỆP ) 16x210mm",,3.0000,
TS74864,"MŨI KHOAN BÊ TÔNG X-tip ( CÔNG NGHIỆP ) 8x260mm",,4.0000,
TS74866,"MŨI KHOAN BÊ TÔNG X-tip ( CÔNG NGHIỆP ) 10x260mm",,2.0000,
TS74868,"MŨI KHOAN BÊ TÔNG X-tip ( CÔNG NGHIỆP ) 12x260mm",,3.0000,
TS74870,"MŨI KHOAN BÊ TÔNG X-tip ( CÔNG NGHIỆP ) 14x260mm",,3.0000,
TS74872,"MŨI KHOAN BÊ TÔNG X-tip ( CÔNG NGHIỆP ) 16x260mm",,5.0000,
TS74874,"MŨI KHOAN BÊ TÔNG X-tip ( CÔNG NGHIỆP ) 18x260mm",,1.0000,
TS74921,"MŨI KHOAN BÊ TÔNG X-tip ( CÔNG NGHIỆP ) 25x450mm TOLSEN 74921",,5.0000,
TS75040,"BỘ 2 MŨI KHOAN SẮT HSS M2 (CÔNG NGHIỆP) 1.0mm Tolsen 75040",,4.0000,
TS75041,"BỘ 2 MŨI KHOAN SẮT HSS M2 (CÔNG NGHIỆP) 1.5mm TOLSEN 75041",,4.0000,
TS75045,"KHOAN SẮT HSS M2 (CÔNG NGHIỆP) 3.5mm TOLSEN 75045",,9.0000,
TS75047,"KHOAN SẮT HSS M2 (CÔNG NGHIỆP) 4.5mm TOLSEN 75047",,9.0000,
TS75052,"KHOAN SẮT HSS M2 (CÔNG NGHIỆP) 7.0mm TOLSEN 75052",,4.0000,
TS75080,"BỘ KHOAN SẮT 13 CÂY HSS (CÔNG NGHIỆP) TOLSEN 75080",,4.0000,
TS75082,"BỘ KHOAN SẮT 25 CÂY HSS (CÔNG NGHIỆP) TOLSEN 75082",,1.0000,
TS75086,"BỘ 19 MŨI KHOAN SẮT VÀNG - ĐEN HSS TOLSEN 75086",,2.0000,
TS75100,"BỘ 15 CÂY KHOAN SẮT HSS M2 TOLSEN 75100",,3.0000,
TS75105,"BỌC 10 MŨI KHOAN SẮT HSS VÀNG - ĐEN 1.0mm TOLSEN 75105",,5.0000,
TS75107,"BỌC 10 MŨI KHOAN SẮT HSS VÀNG - ĐEN 2.0mm TOLSEN 75107",,3.0000,
TS75108,"BỌC 10 MŨI KHOAN SẮT HSS VÀNG - ĐEN 2.5mm TOLSEN 75108",,5.0000,
TS75110,"BỌC 10 MŨI KHOAN SẮT HSS VÀNG - ĐEN 3.2mm TOLSEN 75110",,1.0000,
TS75111,"BỌC 10 MŨI KHOAN SẮT HSS VÀNG - ĐEN 3.5mm TOLSEN 75111",,4.0000,
TS75112,"BỌC 10 MŨI KHOAN SẮT HSS VÀNG - ĐEN 3.8mm TOLSEN 75112",,2.0000,
TS75113,"BỌC 10 MŨI KHOAN SẮT HSS VÀNG - ĐEN 4.0mm TOLSEN 75113",,3.0000,
TS75115,"BỌC 10 MŨI KHOAN SẮT HSS VÀNG - ĐEN 4.5mm TOLSEN 75115",,2.0000,
TS75116,"BỌC 10 MŨI KHOAN SẮT HSS VÀNG - ĐEN 4.8mm TOLSEN 75116",,2.0000,
TS75118,"BỌC 10 MŨI KHOAN SẮT HSS VÀNG - ĐEN 5.5mm TOLSEN 75118",,2.0000,
TS75119,"BỌC 10 MŨI KHOAN SẮT HSS VÀNG - ĐEN 6.0mm TOLSEN 75119",,1.0000,
TS75120,"BỌC 10 MŨI KHOAN SẮT HSS VÀNG - ĐEN 6.5mm TOLSEN 75120",,2.0000,
TS75121,"BỌC 10 MŨI KHOAN SẮT HSS VÀNG - ĐEN 7.0mm TOLSEN 75121",,4.0000,
TS75122,"BỌC 10 MŨI KHOAN SẮT HSS VÀNG - ĐEN 7.5mm TOLSEN 75122",,2.0000,
TS75123,"BỌC 10 MŨI KHOAN SẮT HSS VÀNG - ĐEN 8.0mm TOLSEN 75123",,2.0000,
TS75124,"BỌC 10 MŨI KHOAN SẮT HSS VÀNG - ĐEN 8.5mm TOLSEN 75124",,2.0000,
TS75125,"BỌC 5 MŨI KHOAN SẮT HSS VÀNG - ĐEN 9.0mm TOLSEN 75125",,2.0000,
TS75126,"BỌC 5 MŨI KHOAN SẮT HSS VÀNG - ĐEN 9.5mm TOLSEN 75126",,2.0000,
TS75128,"BỌC 5 MŨI KHOAN SẮT HSS VÀNG - ĐEN 10.5mm TOLSEN 75128",,2.0000,
TS75129,"BỌC 5 MŨI KHOAN SẮT HSS VÀNG - ĐEN 11mm TOLSEN 75129",,1.0000,
TS75130,"BỌC 5 MŨI KHOAN SẮT HSS VÀNG - ĐEN 11.5mm TOLSEN 75130",,2.0000,
TS75131,"BỌC 5 MŨI KHOAN SẮT HSS VÀNG - ĐEN 12mm TOLSEN 75131",,2.0000,
TS75132,"BỌC 5 MŨI KHOAN SẮT HSS VÀNG - ĐEN 12.5mm TOLSEN 75132",,2.0000,
TS75133,"BỌC 5 MŨI KHOAN SẮT HSS VÀNG - ĐEN 13mm TOLSEN 75133",,2.0000,
TS75140,"BỘ 2 KHOAN SẮT HSS CO5% (CN) 1.0mm TOLSEN 75140",,8.0000,
TS75141,"BỘ 2 KHOAN SẮT HSS CO5% (CN) 1.5mm TOLSEN 75141",,6.0000,
TS75142,"BỘ 2 KHOAN SẮT HSS CO5% (CN) 2.0mm TOLSEN 75142",,13.0000,
TS75143,"BỘ 2 KHOAN SẮT HSS CO5% (CN) 2.5mm TOLSEN 75143",,6.0000,
TS75144,"BỘ 2 KHOAN SẮT HSS CO5% (CN) 3.0mm TOLSEN 75144",,16.0000,
TS75145,"KHOAN SẮT HSS CO5% (CÔNG NGHIỆP) 3.5mm TOLSEN 75145",,6.0000,
TS75146,"KHOAN SẮT HSS CO5% (CÔNG NGHIỆP) 4.0mm TOLSEN 75146",,16.0000,
TS75147,"KHOAN SẮT HSS CO5% (CÔNG NGHIỆP) 4.5mm TOLSEN 75147",,2.0000,
TS75148,"KHOAN SẮT HSS CO5% (CÔNG NGHIỆP) 5.0mm TOLSEN 75148",,6.0000,
TS75149,"KHOAN SẮT HSS CO5% (CÔNG NGHIỆP) 5.5mm TOLSEN 75149",,4.0000,
TS75151,"KHOAN SẮT HSS CO5% (CÔNG NGHIỆP) 6.5mm TOLSEN 75151",,7.0000,
TS75152,"KHOAN SẮT HSS CO5% (CÔNG NGHIỆP) 7.0mm TOLSEN 75152",,5.0000,
TS75153,"KHOAN SẮT HSS CO5% (CÔNG NGHIỆP) 7.5mm TOLSEN 75153",,5.0000,
TS75154,"KHOAN SẮT HSS CO5% (CÔNG NGHIỆP) 8.0mm TOLSEN 75154",,5.0000,
TS75155,"KHOAN SẮT HSS CO5% (CÔNG NGHIỆP) 8.5mm TOLSEN 75155",,12.0000,
TS75156,"KHOAN SẮT HSS CO5% (CÔNG NGHIỆP) 9.0mm TOLSEN 75156",,2.0000,
TS75157,"KHOAN SẮT HSS CO5% (CÔNG NGHIỆP) 9.5mm TOLSEN 75157",,9.0000,
TS75158,"KHOAN SẮT HSS CO5% (CÔNG NGHIỆP) 10.0mm TOLSEN 75158",,3.0000,
TS75159,"KHOAN SẮT HSS CO5% (CÔNG NGHIỆP) 10.5mm TOLSEN 75159",,4.0000,
TS75160,"KHOAN SẮT HSS CO5% (CÔNG NGHIỆP) 11.0mm TOLSEN 75160",,5.0000,
TS75161,"KHOAN SẮT HSS CO5% (CÔNG NGHIỆP) 11.5mm TOLSEN 75161",,5.0000,
TS75162,"KHOAN SẮT HSS CO5% (CÔNG NGHIỆP) 12.0mm TOLSEN 75162",,1.0000,
TS75163,"KHOAN SẮT HSS CO5% (CÔNG NGHIỆP) 12.5mm TOLSEN 75163",,4.0000,
TS75164,"KHOAN SẮT HSS CO5% (CÔNG NGHIỆP) 13.0mm TOLSEN 75164",,5.0000,
TS75166,"KHOAN SẮT HSS CO5% (CÔNG NGHIỆP) 15.0mm",,5.0000,
TS75167,"KHOAN SẮT HSS CO5% (CÔNG NGHIỆP) 16.0mm",,5.0000,
TS75172,"KHOAN SẮT HSS CO5% (CÔNG NGHIỆP) 3.2mm TOLSEN 75172",,5.0000,
TS75174,"KHOAN SẮT HSS CO5% (CÔNG NGHIỆP) 4.8mm TOLSEN 75174",,3.0000,
TS75301,"KHOAN BÊ TÔNG (CÔNG NGHIỆP) 5X110mm TOLSEN 75301",,1.0000,
TS75304,"KHOAN BÊ TÔNG (CÔNG NGHIỆP) 8X110mm TOLSEN 75304",,7.0000,
TS75306,"KHOAN BÊ TÔNG (CÔNG NGHIỆP) 10X110mm TOLSEN 75306",,3.0000,
TS75308,"KHOAN BÊ TÔNG (CÔNG NGHIỆP) 12X110mm TOLSEN 75308",,2.0000,
TS75321,"KHOAN BÊ TÔNG (CÔNG NGHIỆP) 5X160mm",,2.0000,
TS75322,"KHOAN BÊ TÔNG (CÔNG NGHIỆP) 6x160mm",,4.0000,
TS75323,"KHOAN BÊ TÔNG (CÔNG NGHIỆP) 7x160mm",,3.0000,
TS75324,"KHOAN BÊ TÔNG (CÔNG NGHIỆP) 8x160mm",,5.0000,
TS75325,"KHOAN BÊ TÔNG (CÔNG NGHIỆP) 9x160mm",,3.0000,
TS75326,"KHOAN BÊ TÔNG (CÔNG NGHIỆP) 10x160mm",,9.0000,
TS75327,"KHOAN BÊ TÔNG (CÔNG NGHIỆP) 11x160mm",,5.0000,
TS75328,"KHOAN BÊ TÔNG (CÔNG NGHIỆP) 12x160mm",,3.0000,
TS75329,"KHOAN BÊ TÔNG (CÔNG NGHIỆP) 13x160mm",,3.0000,
TS75330,"KHOAN BÊ TÔNG (CÔNG NGHIỆP) 14x160mm",,5.0000,
TS75337,"KHOAN BÊ TÔNG (CÔNG NGHIỆP) 5.5X160mm",,3.0000,
TS75338,"KHOAN BÊ TÔNG (CÔNG NGHIỆP) 6.5x160mm",,3.0000,
TS75342,"KHOAN BÊ TÔNG (CÔNG NGHIỆP) 6x210mm",,3.0000,
TS75344,"KHOAN BÊ TÔNG (CÔNG NGHIỆP) 8x210mm",,3.0000,
TS75346,"KHOAN BÊ TÔNG (CÔNG NGHIỆP) 10x210mm",,10.0000,
TS75347,"KHOAN BÊ TÔNG (CÔNG NGHIỆP) 11x210mm",,3.0000,
TS75348,"KHOAN BÊ TÔNG (CÔNG NGHIỆP) 12x210mm",,2.0000,
TS75349,"KHOAN BÊ TÔNG (CÔNG NGHIỆP) 13x210mm",,5.0000,
TS75352,"KHOAN BÊ TÔNG (CÔNG NGHIỆP) 16x210mm",,9.0000,
TS75362,"KHOAN BÊ TÔNG (CÔNG NGHIỆP) 6x260mm",,10.0000,
TS75364,"KHOAN BÊ TÔNG (CÔNG NGHIỆP) 8x260mm",,5.0000,
TS75365,"KHOAN BÊ TÔNG (CÔNG NGHIỆP) 9x260mm",,5.0000,
TS75366,"KHOAN BÊ TÔNG (CÔNG NGHIỆP) 10x260mm",,3.0000,
TS75367,"KHOAN BÊ TÔNG (CÔNG NGHIỆP) 11x260mm",,5.0000,
TS75368,"KHOAN BÊ TÔNG (CÔNG NGHIỆP) 12x260mm",,3.0000,
TS75369,"KHOAN BÊ TÔNG (CÔNG NGHIỆP) 13x260mm",,13.0000,
TS75370,"KHOAN BÊ TÔNG (CÔNG NGHIỆP) 14x260mm",,4.0000,
TS75372,"KHOAN BÊ TÔNG (CÔNG NGHIỆP) 16x260mm",,5.0000,
TS75377,"KHOAN BÊ TÔNG (CÔNG NGHIỆP) 5.5x260mm",,4.0000,
TS75384,"KHOAN BÊ TÔNG (CÔNG NGHIỆP) 8x310mm TOLSEN 75384",,4.0000,
TS75387,"KHOAN BÊ TÔNG (CÔNG NGHIỆP) 11x310mm TOLSEN 75387",,2.0000,
TS75390,"KHOAN BÊ TÔNG (CÔNG NGHIỆP) 14x310mm TOLSEN 75390",,5.0000,
TS75406,"KHOAN BÊ TÔNG (CÔNG NGHIỆP) 10x450mm TOLSEN 75406",,2.0000,
TS75412,"KHOAN BÊ TÔNG (CÔNG NGHIỆP) 16x450mm TOLSEN 75412",,5.0000,
TS75440,"KHOAN BÊ TÔNG NHỌN 250mm",,11.0000,
TS75441,"KHOAN BÊ TÔNG DẸP 250mm",,6.0000,
TS75442,"KHOAN ĐỤC 250mm",,2.0000,
TS75448,"KHOAN ĐỤC 280mm",,2.0000,
TS75450,"KHOAN BÊ TÔNG NHỌN 280mm",,1.0000,
TS75451,"KHOAN BÊ TÔNG DẸP 280mm",,3.0000,
TS75455,"KHOAN DẸP (CÔNG NGHIỆP) 30X410mm CHO MÁY 79517",,3.0000,
TS75457,"KHOAN DẸP (CÔNG NGHIỆP) 18X400mm TOLSEN 75457",,4.0000,
TS75459,"BỘ KHOAN TƯỜNG TOLSEN 75459 5 CÂY",,4.0000,
TS75460,"MŨI KHOAN TƯỜNG 3x60mm TOLSEN 75460",,6.0000,
TS75461,"MŨI KHOAN TƯỜNG 4x75mm TOLSEN 75461",,8.0000,
TS75463,"MŨI KHOAN TƯỜNG 6x100mm TOLSEN 75463",,7.0000,
TS75466,"MŨI KHOAN TƯỜNG 12x150mm TOLSEN 75466",,2.0000,
TS75477,"MŨI KHOAN TƯỜNG 7x100mm TOLSEN 75477",,2.0000,
TS75478,"MŨI KHOAN TƯỜNG 9x120mm TOLSEN 75478",,1.0000,
TS75500,"MŨI KHOAN BÊ TÔNG KHÔNG GÀI 3.0 X 60mm",,1.0000,
TS75501,"MŨI KHOAN BÊ TÔNG KHÔNG GÀI 4.0 x 75",,1.0000,
TS75502,"MŨI KHOAN BÊ TÔNG KHÔNG GÀI 4.5 x 75",,11.0000,
TS75503,"MŨI KHOAN BÊ TÔNG KHÔNG GÀI 5.0 x 85",,9.0000,
TS75504,"MŨI KHOAN BÊ TÔNG KHÔNG GÀI 5.5 x 100",,3.0000,
TS75505,"MŨI KHOAN BÊ TÔNG KHÔNG GÀI 6.0 x 100",,13.0000,
TS75506,"MŨI KHOAN BÊ TÔNG KHÔNG GÀI 6.5 x 100",,6.0000,
TS75507,"MŨI KHOAN BÊ TÔNG KHÔNG GÀI 7.0 x 100",,7.0000,
TS75508,"MŨI KHOAN BÊ TÔNG KHÔNG GÀI 8.0 x 120",,12.0000,
TS75509,"MŨI KHOAN BÊ TÔNG KHÔNG GÀI 8.5 x 120",,6.0000,
TS75510,"MŨI KHOAN BÊ TÔNG KHÔNG GÀI 9.0 x 120",,19.0000,
TS75512,"MŨI KHOAN BÊ TÔNG KHÔNG GÀI 11.0 x 150",,3.0000,
TS75513,"MŨI KHOAN BÊ TÔNG KHÔNG GÀI 12.0 x 150",,5.0000,
TS75514,"MŨI KHOAN BÊ TÔNG KHÔNG GÀI 13.0 x 150",,5.0000,
TS75515,"MŨI KHOAN BÊ TÔNG KHÔNG GÀI 14.0 x 150",,5.0000,
TS75516,"MŨI KHOAN BÊ TÔNG KHÔNG GÀI 15.0 x 150",,9.0000,
TS75517,"MŨI KHOAN BÊ TÔNG KHÔNG GÀI 16.0 x 150",,7.0000,
TS75518,"MŨI KHOAN BÊ TÔNG KHÔNG GÀI 18.0 x 160",,10.0000,
TS75519,"MŨI KHOAN BÊ TÔNG KHÔNG GÀI 19.0 x 160 TOLSEN 75519",,5.0000,
TS75520,"MŨI KHOAN BÊ TÔNG KHÔNG GÀI 20.0 x 160 TOLSEN 75520",,4.0000,
TS75521,"MŨI KHOAN BÊ TÔNG KHÔNG GÀI 22.0 x 160 TOLSEN 75521",,3.0000,
TS75522,"MŨI KHOAN BÊ TÔNG KHÔNG GÀI 24.0 x 160 TOLSEN 75522",,5.0000,
TS75523,"MŨI KHOAN BÊ TÔNG KHÔNG GÀI 25.0 x 160 TOLSEN 75523",,4.0000,
TS75541,"MŨI KHOAN BÊ TÔNG KHÔNG GÀI DÀI 8 x 300mm TOLSEN 75541",,8.0000,
TS75543,"MŨI KHOAN BÊ TÔNG KHÔNG GÀI DÀI 12 x 300mm TOLSEN 75543",,1.0000,
TS75544,"MŨI KHOAN BÊ TÔNG KHÔNG GÀI DÀI 13 x 300mm TOLSEN 75544",,3.0000,
TS75545,"MŨI KHOAN BÊ TÔNG KHÔNG GÀI DÀI 14 x 300mm TOLSEN 75545",,1.0000,
TS75549,"MŨI KHOAN BÊ TÔNG KHÔNG GÀI DÀI 25 x 300mm TOLSEN 75549",,4.0000,
TS75560,"MŨI KHOAN BÊ TÔNG KHÔNG GÀI DÀI 6 x 400mm TOLSEN 75560",,2.0000,
TS75561,"MŨI KHOAN BÊ TÔNG KHÔNG GÀI DÀI 8 x 400mm TOLSEN 75561",,5.0000,
TS75562,"MŨI KHOAN BÊ TÔNG KHÔNG GÀI DÀI 10 x 400mm TOLSEN 75562",,3.0000,
TS75563,"MŨI KHOAN BÊ TÔNG KHÔNG GÀI DÀI 12 x 400mm TOLSEN 75563",,2.0000,
TS75564,"MŨI KHOAN BÊ TÔNG KHÔNG GÀI DÀI 13 x 400mm TOLSEN 75564",,2.0000,
TS75600,"MŨI KHOAN GỖ 3 x 61mm TOLSEN 75600",,20.0000,
TS75601,"MŨI KHOAN GỖ 4 x 75 TOLSEN 75601",,17.0000,
TS75603,"MŨI KHOAN GỖ 6 x 93 TOLSEN 75603",,10.0000,
TS75604,"MŨI KHOAN GỖ 7 x 109 TOLSEN 75604",,4.0000,
TS75605,"MŨI KHOAN GỖ 8 x 117 TOLSEN 75605",,5.0000,
TS75606,"MŨI KHOAN GỖ 9 x 125 TOLSEN 75606",,1.0000,
TS75607,"MŨI KHOAN GỖ 10 x 133 TOLSEN 75607",,11.0000,
TS75608,"MŨI KHOAN GỖ 11 x 142 TOLSEN 75608",,2.0000,
TS75609,"MŨI KHOAN GỖ 12 x 151 TOLSEN 75609",,7.0000,
TS75610,"MŨI KHOAN GỖ 13 x 151 TOLSEN 75610",,2.0000,
TS75625,"BỘ 5 CÂY KHOAN GỖ",,9.0000,
TS75626,"BỘ 8 KHOAN GỖ",,4.0000,
TS75631,"MŨI KHOAN GỖ NHANH 6mm",,10.0000,
TS75632,"MŨI KHOAN GỖ NHANH 8mm",,8.0000,
TS75633,"MŨI KHOAN GỖ NHANH 10mm TOLSEN 75633",,6.0000,
TS75634,"MŨI KHOAN GỖ NHANH 12mm",,5.0000,
TS75635,"MŨI KHOAN GỖ NHANH 13mm",,9.0000,
TS75636,"MŨI KHOAN GỖ NHANH 14mm",,2.0000,
TS75637,"MŨI KHOAN GỖ NHANH 16mm TOLSEN 75637",,6.0000,
TS75638,"MŨI KHOAN GỖ NHANH 18mm TOLSEN 75638",,2.0000,
TS75639,"MŨI KHOAN GỖ NHANH 19mm TOLSEN 75639",,4.0000,
TS75640,"MŨI KHOAN GỖ NHANH 20mm",,8.0000,
TS75641,"MŨI KHOAN GỖ NHANH 22mm",,5.0000,
TS75642,"MŨI KHOAN GỖ NHANH 24mm",,3.0000,
TS75643,"MŨI KHOAN GỖ NHANH 25mm",,3.0000,
TS75644,"MŨI KHOAN GỖ NHANH 28mm",,2.0000,
TS75645,"MŨI KHOAN GỖ NHANH 30mm",,2.0000,
TS75646,"MŨI KHOAN GỖ NHANH 32mm",,2.0000,
TS75647,"MŨI KHOAN GỖ NHANH 35mm",,2.0000,
TS75648,"MŨI KHOAN GỖ NHANH 36mm",,3.0000,
TS75649,"MŨI KHOAN GỖ NHANH 38mm",,3.0000,
TS75650,"MŨI KHOAN GỖ NHANH 40mm",,2.0000,
TS75654,"MŨI KHOAN KIỂU FORSTNER TOLSEN 75654",,3.0000,
TS75656,"BỘ 6 MŨI KHOAN GỖ TOLSEN 75656",,4.0000,
TS75680,"BỘ MŨI ĐÁNH PHAY ROUTER TOLSEN 75680",,1.0000,
TS75690,"MŨI KHOAN KÍNH 3mm",,19.0000,
TS75691,"MŨI KHOAN KÍNH 4mm TOLSEN 75691",,19.0000,
TS75692,"MŨI KHOAN KÍNH 5mm",,17.0000,
TS75693,"MŨI KHOAN KÍNH 6mm",,3.0000,
TS75694,"MŨI KHOAN KÍNH 7mm",,18.0000,
TS75695,"MŨI KHOAN KÍNH 8mm",,11.0000,
TS75696,"MŨI KHOAN KÍNH 9mm",,14.0000,
TS75697,"MŨI KHOAN KÍNH 10mm",,7.0000,
TS75699,"MŨI KHOAN KÍNH 12mm",,11.0000,
TS75701,"MŨI TRỤC KHOÉT 32-152mm TOLSEN 75701",,5.0000,
TS75727,"MŨI KHOÉT LỖ SẮT 27mm TOLSEN 75727",,5.0000,
TS75865,"BỘ 11 VÒNG KHOÉT LỖ",,2.0000,
TS75866,"BỘ 8 VÒNG KHOÉT LỖ LỚN",,4.0000,
TS75867,"BỘ 16 VÒNG KHOÉT LỖ LỚN",,1.0000,
TS75869,"BỘ KHOÉT LỖ 7 CÁI",,5.0000,
TS75870,"BỘ KHOÉT LỖ 7 CÁI",,4.0000,
TS75871,"MŨI KHOAN BƯỚC TITANIUM HSS TOLSEN 75871",,7.0000,
TS75873,"MŨI KHOAN BƯỚC TITANIUM HSS TOLSEN 75873",,7.0000,
TS75878,"BỘ 3 MŨI KHOAN BƯỚC TITANIUM HSS TOLSEN 75878",,1.0000,
TS75890,"MŨI KHOAN KHOÉT BÊ TÔNG 50MM TOLSEN 75890",,5.0000,
TS75914,"KHOÉT BÊ TÔNG 14mm",,5.0000,
TS75915,"KHOÉT BÊ TÔNG 15",,10.0000,
TS75916,"MŨI KHOÉT SẮT 16mm TOLSEN 75916",,5.0000,
TS75918,"KHOÉT BÊ TÔNG 18",,1.0000,
TS75920,"KHOÉT BÊ TÔNG 20",,1.0000,
TS75922,"KHOÉT BÊ TÔNG 22",,2.0000,
TS75923,"KHOÉT BÊ TÔNG 23",,1.0000,
TS75925,"KHOÉT BÊ TÔNG 25",,1.0000,
TS75926,"KHOÉT BÊ TÔNG 26",,1.0000,
TS75928,"KHOÉT BÊ TÔNG 28",,1.0000,
TS75930,"KHOÉT BÊ TÔNG 30",,1.0000,
TS75932,"KHOÉT BÊ TÔNG 32",,2.0000,
TS75935,"KHOÉT BÊ TÔNG 35",,2.0000,
TS75938,"KHOÉT BÊ TÔNG 38",,3.0000,
TS75940,"KHOÉT BÊ TÔNG 40",,2.0000,
TS75942,"KHOÉT BÊ TÔNG 42",,2.0000,
TS75945,"KHOÉT BÊ TÔNG 45",,2.0000,
TS75948,"MŨI KHOÉT SẮT 48mm TOLSEN 75948",,4.0000,
TS75950,"KHOÉT BÊ TÔNG 50",,1.0000,
TS75955,"KHOÉT BÊ TÔNG 55",,2.0000,
TS75960,"KHOÉT BÊ TÔNG 60",,1.0000,
TS75965,"KHOÉT BÊ TÔNG 65",,2.0000,
TS75970,"KHOÉT BÊ TÔNG 70",,3.0000,
TS75975,"KHOÉT BÊ TÔNG 75",,3.0000,
TS76102,"ĐĨA CẮT SẮT & INOX 115x1.2x22.2mm TOLSEN 76102",,4.0000,
TS76132,"ĐĨA CẮT SẮT & INOX MỎNG 115x1.0x22.2 mm TOLSEN 76132",,21.0000,
TS76141,"ĐĨA CẮT SẮT 100*3.0mm",,14.0000,
TS76301,"ĐĨA MÀI SẮT 100x6.0x16mm TOLSEN 76301",,13.0000,
TS76410,"ĐĨA CẮT GỖ 110mm*40 Răng",,14.0000,
TS76420,"ĐĨA CẮT GỖ 115mm*40 Răng TOLSEN 76420",,2.0000,
TS76430,"ĐĨA CẮT GỖ 185mm*24Răng TOLSEN 76430",,1.0000,
TS76440,"ĐĨA CẮT GỖ 210mm*24 Răng TOLSEN 76440",,3.0000,
TS76441,"ĐĨA CẮT GỖ 210mm*48 Răng",,5.0000,
TS76450,"ĐĨA CẮT GỖ 235mm*40 Răng TOLSEN 76450",,3.0000,
TS76451,"ĐĨA CẮT GỖ 235mm*60 Răng TOLSEN 76451",,5.0000,
TS76460,"ĐĨA CẮT GỖ 254mm*40 Răng",,3.0000,
TS76461,"ĐĨA CẮT GỖ 254mm*60 Răng",,5.0000,
TS76680,"ĐĨA MÀI GẠCH 100mm TOLSEN 76680",,3.0000,
TS76700,"ĐĨA CẮT GẠCH KHÔ 100mm TOLSEN 76700",,2.0000,
TS76702,"ĐĨA CẮT GẠCH KHÔ 115mm TOLSEN 76702",,2.0000,
TS76703,"ĐĨA CẮT GẠCH KHÔ 125mm TOLSEN 76703",,5.0000,
TS76705,"ĐĨA CẮT GẠCH KHÔ TOLSEN 76705",,5.0000,
TS76707,"ĐĨA CẮT GẠCH KHÔ TOLSEN 76707",,2.0000,
TS76710,"ĐĨA CẮT KIM CƯƠNG ( KHÔ ) 100MM TOLSEN 76710",,13.0000,
TS76720,"ĐĨA CẮT GẠCH ƯỚT 100mm TOLSEN 76720",,5.0000,
TS76722,"ĐĨA CẮT GẠCH ƯỚT 115mm TOLSEN 76722",,4.0000,
TS76723,"ĐĨA CẮT GẠCH ƯỚT 125mm TOLSEN 76723",,5.0000,
TS76725,"ĐĨA CẮT GẠCH ƯỚT TOLSEN 76725",,5.0000,
TS76727,"ĐĨA CẮT GẠCH ƯỚT TOLSEN 76727",,2.0000,
TS76742,"ĐĨA CẮT ĐA NĂNG 115mm TOLSEN 76742",,9.0000,
TS76760,"ĐĨA CẮT KIM CƯƠNG ( ĐA NĂNG ) 100MM TOLSEN 76760",,2.0000,
TS76801,"LỮỠI CƯA MÁY GỖ ĐEN 100mm T111C",,5.0000,
TS76802,"LỮỠI CƯA MÁY GỖ ĐEN 100mm T144D",,5.0000,
TS76803,"LỮỠI CƯA MÁY GỖ ĐEN 100mm T224D",,3.0000,
TS76804,"LỮỠI CƯA MÁY GỖ 100mm T101B",,5.0000,
TS76805,"LỮỠI CƯA MÁY GỖ 100mm T101BR",,4.0000,
TS76806,"LỮỠI CƯA MÁY GỖ 100mm T101D",,5.0000,
TS76811,"LƯỠI CƯA MÁY SẮT T118A",,3.0000,
TS76812,"LƯỠI CƯA MÁY SẮT T118B",,3.0000,
TS77110,"BỘ 5 MŨI ĐÁ MÀI TOLSEN 77110",,4.0000,
TS77211,"NHÁM XẾP CHO SẮT VÀ GỖ 115mm*40#",,6.0000,
TS77212,"NHÁM XẾP CHO SẮT VÀ GỖ 115mm*60#",,3.0000,
TS77213,"NHÁM XẾP CHO SẮT VÀ GỖ 115mm*80#",,6.0000,
TS77215,"NHÁM XẾP CHO SẮT VÀ GỖ 115mm*120#",,4.0000,
TS77221,"NHÁM XẾP CHO SẮT VÀ GỖ 125mm*40#",,6.0000,
TS77222,"NHÁM XẾP CHO SẮT VÀ GỖ 125mm*60#",,6.0000,
TS77223,"NHÁM XẾP CHO SẮT VÀ GỖ 125mm*80#",,5.0000,
TS77225,"NHÁM XẾP CHO SẮT VÀ GỖ 125mm*120#",,5.0000,
TS77260,"MIẾNG CHÀ ĐỆM CAOSU CÓ ĐAI ỐC 115mm",,3.0000,
TS77261,"MIẾNG CHÀ ĐỆM CAOSU CÓ ĐAI ỐC 125mm",,6.0000,
TS77262,"MIẾNG CHÀ ĐỆM CAOSU CÓ ĐAI ỐC 150mm",,2.0000,
TS77311,"NHÁM XẾP CHO THÉP KHÔNG GỈ 115mm*40#",,9.0000,
TS77312,"NHÁM XẾP CHO THÉP KHÔNG GỈ 115mm*60#",,5.0000,
TS77313,"NHÁM XẾP CHO THÉP KHÔNG GỈ 115mm*80#",,5.0000,
TS77315,"NHÁM XẾP CHO THÉP KHÔNG GỈ 115mm*120#",,4.0000,
TS77321,"NHÁM XẾP CHO THÉP KHÔNG GỈ 125mm*40#",,6.0000,
TS77323,"NHÁM XẾP CHO THÉP KHÔNG GỈ 125mm*80#",,5.0000,
TS77325,"NHÁM XẾP CHO THÉP KHÔNG GỈ 125mm*120#",,3.0000,
TS77501,"CHÉN CƯỚC 75MM",,2.0000,
TS77503,"CHÉN CƯỚC 100M",,6.0000,
TS77513,"CHÉN CƯỚC 75MM",,6.0000,
TS77520,"BÁNH CƯỚC (CÔNG NGHIỆP) 100mm REN M14X2 TOLSEN 77520",,4.0000,
TS77540,"BÁNH CƯỚC
(CÔNG NGHIỆP) 50mm",,4.0000,
TS77543,"BÁNH CƯỚC (CÔNG NGHIỆP) 100mm",,4.0000,
TS77546,"CHỔI CƯỚC (CÔNG NGHIỆP) 24mm TOLSEN 77546",,5.0000,
TS77548,"CHỔI CƯỚC (CÔNG NGHIỆP) 50mm TOLSEN 77548",,4.0000,
TS77550,"CHỔI CƯỚC (CÔNG NGHIỆP) 75mm TOLSEN 77550",,3.0000,
TS77570,"CHÉN CƯỚC 5''",,5.0000,
TS77581,"CHÉN CƯỚC 75MM",,4.0000,
TS77597,"BÁNH CƯỚC (CÔNG NGHIỆP) 100mm",,5.0000,
TS77823,"BỘ 3 VÍT BẮN TÔN ( CÓ TỪ ) 8mm TOLSEN 77823",,7.0000,
TS77825,"BỘ 3 VÍT BẮN TÔN ( CÓ TỪ ) 10mm TOLSEN 77825",,9.0000,
TS77843,"ĐẦU VÍT BẮN TÔN 8mm TOLSEN 77843",,9.0000,
TS77847,"BỘ 3 VÍT BẮN TÔN ( CÓ TỪ ) 12mm TOLSEN 77847",,1.0000,
TS77863,"MŨI NỐI CÓ ĐẦU GÀI 60mm TOLSEN 77863",,9.0000,
TS77864,"BỘ 3 MŨI NỐI ĐẦU TÍP",,4.0000,
TS77865,"BỘ 3 MŨI NỐI ĐẦU TÍP",,1.0000,
TS79029,"PIN DỰ PHÒNG MÁY 79023&79025 TOLSEN 79029",,3.0000,
TS79033,"MÁY KHOAN PIN 2 TỐC ĐỘ (2 PIN) TOLSEN 79033 10MM 20V",,1.0000,
TS79105,"SÚNG ĐIỆN BẮN KEO ĐÈN CẦY 15W TOLSEN 79105",,3.0000,
TS79110,"KEO ĐÈN CẦY 100mm TOLSEN 79110",,9.0000,
TS79160,"ĐẦU KẸT MŨI KHOAN 10mm (CÓ KHÓA)",,6.0000,
TS79161,"ĐẦU KẸT MŨI KHOAN 13mm (CÓ KHÓA)",,9.0000,
TS79170,"ĐẦU KẸT MŨI KHOAN 10mm (KHÔNG CÂY KHÓA)",,3.0000,
TS79171,"ĐẦU KẸT MŨI KHOAN 13mm (KHÔNG CÂY KHÓA)",,3.0000,
TS79180,"CÂY KHÓA ĐẦU KẸP MŨI KHOAN 10 TOLSEN 79180",,3.0000,
TS79181,"CÂY KHÓA ĐẦU KẸP MŨI KHOAN 13mm",,6.0000,
TS79182,"CÂY KHÓA ĐẦU KẸP MŨI KHOAN 16mm TOLSEN 79182",,5.0000,
TS79500,"MÁY KHOAN TOLSEN 79500 10MM 400W",,1.0000,
TS79502,"MÁY KHOAN TÁC ĐỘNG TOLSEN 79502 13MM, 710W",,2.0000,
TS79503,"MÁY KHOAN TÁC ĐỘNG TOLSEN 79503 13MM 850W",,1.0000,
TS79519,"MÁY MÀI GÓC TOLSEN 79519 100MM 850W",,1.0000,
TS79521,"MÁY MÀI GÓC TOLSEN 79521 125MM 950W",,2.0000,
TS79538,"MÁY CẮT SẮT TOLSEN 79538 355MM 2500W",,2.0000,
TS79541,"MÁY CƯA KIẾM TOLSEN 79541 710W",,1.0000,
TS79551,"MÁY CƯA LỘNG 800W TOLSEN 79551",,2.0000,
TS79555,"BỘ 108 CHI TIẾT MÁY MÀI MINI 135W TOLSEN 79555",,4.0000,
TS79558,"MÁY CẮT RUNG ĐA NĂNG 300W TOLSEN 79558",,2.0000,
TS79563,"MÁY ĐÁNH BÓNG (CHÀ NHÁM) CHỦ NHẬT 220W TOLSEN 79563",,1.0000,
TS79565,"MÁY ĐÁNH BÓNG (CHÀ NHÁM) TRÒN 280W TOLSEN79565",,3.0000,
TS79577,"MÁY PHUN SƠN ĐIỆN TỪ TOLSEN 79577",,1.0000,
TS79579,"Máy phun sơn 650W Tolsen 79579",,2.0000,
TS79648,"MÁY MÀI ĐÁ 350W TOLSEN 79648",,1.0000,
TS79651,"MÁY KHOAN BÀN 13MM, 350W TOLSEN 79651",,2.0000,
TS79792,"MÁY KHÒ ĐIỆN TỬ TOLSEN 79792",,2.0000,
TS79978,"MÁY BƠM CHÌM 0.5Hp TOLSEN 79978",,1.0000,
TS79979,"MÁY BƠM CHÌM 1Hp TOLSEN 79979",,1.0000,
TS80101,"TÚI CÔNG CỤ 17'' TOLSEN 80101",,1.0000,
TS80102,"TÚI CÔNG CỤ 17'' TOLSEN 80102",,1.0000,
TS80103,"TÚI CÔNG CỤ 16'' TOLSEN 80103",,1.0000,
TS80112,"TÚI CÔNG CỤ 17'' (42x21x29cm) TOLSEN 80112",,2.0000,
TS80190,"THÙNG ĐỒ NGHỀ NHỎ 34cm",,23.0000,
TS80201,"THÙNG ĐỒ NGHỀ LỚN 420cm",,12.0000,
TS80211,"THÙNG ĐỒ NGHỀ 3 TẦNG SẮT TOLSEN 80211",,4.0000,
TS80212,"THÙNG ĐỒ NGHỀ 3 TẦNG SẮT TOLSEN 80212",,5.0000,
TS85360,"THÙNG BỘ DỤNG CỤ 26 MÓN 85360",,1.0000,
TSG4-110C,"MÁY CẮT GẠCH PIGEON G4-110C 110MM 1400W",,1.0000,
TSG6-10A,"MÁY KHOAN PIGEON G6-10A 10MM 400W",,1.0000,
TSILI2001,"Mỏ hàn chì dùng pin Lithium 20V Total (không kèm pin và sạc)",,1.0000,
TSP02501,"Giác hút kính hai đầu 50kg Total",,2.0000,
TSP1806-XL,"Găng tay cơ khí Total",,6.0000,
TSP305,"Kính bảo hộ Total",,3.0000,
TSPLI2001,"Máy phun thuốc 16l dùng pin Lithium-ion 20V Total (ko kèm pin và sạc)",,2.0000,
TSTB12101,"Thanh trượt T 1/2'' Total",,1.0000,
TSV38116,"KỀM ĐIỆN CÁCH ĐIỆN 1000V TOLSEN V38116",,3.0000,
TSV38136,"KỀM NHỌN CÁCH ĐIỆN 1000V TOLSEN V38136",,3.0000,
TSV38138,"KỀM NHỌN CÁCH ĐIỆN 1000V TOLSEN V38138",,2.0000,
TSV38146,"KỀM NHỌN CONG CÁCH 1000V ĐIỆN TOLSEN V38146",,3.0000,
TSV38148,"KỀM NHỌN CONG CÁCH 1000V ĐIỆN TOLSEN V38148",,2.0000,
TSV70670,"VÍT THỬ ĐIỆN 70mm TOLSEN V70670",,8.0000,
TSV82115,"BỘ DỤNG CỤ CÁCH ĐIỆN TOLSEN V82115",,1.0000,
TSV83103,"BỘ KỀM ĐIỆN CÁCH ĐIỆN TOLSEN V83103",,2.0000,
TSV83204,"KỀM ĐIỆN CÁCH ĐIỆN TOLSEN V83204",,1.0000,
TSV83306,"KỀM ĐIỆN CÁCH ĐIỆN TOLSEN V83306",,2.0000,
TSV83718,"BỘ DỤNG CỤ CÁCH ĐIỆN TOLSEN V83718",,1.0000,
TSWM57404,"MÁY CẮT GẠCH LUXTER WM57404 110MM 1480W",,2.0000,
TSWM57410,"MÁY CẮT SẮT LUXTER WM57410 355MM 2600W",,1.0000,
TSWM79201,"MÁY BÀO 82MM 550W LUXTER WM79201",,1.0000,
TT3506,"Máy phun sơn Total 450W",,3.0000,
TT5006-2,"Máy phun sơn Total 550W",,2.0000,
TTAC2506,"Dụng cụ kiểm tra hơi lốp xe ô tô Total",,2.0000,
TVCH22091,"Máy hút bụi dùng pin Lithium-Ion 2200Amh Total",,1.0000,
TVCRR30201,"Máy hút bụi tự động (loại ngẫu nhiên) dùng pin Lithium-Ion 2200Amh Total",,1.0000,
TWAH5006,"Kềm hàn Total 500A",,6.0000,
UC3041A,"Máy cưa xích 300mm Makita UC3041A",,1.0000,
